mondoid,protein_id,did,name
MONDO:0020121,138,DOID:9884,muscular dystrophy
MONDO:0020121,218,DOID:9884,muscular dystrophy
MONDO:0020121,219,DOID:9884,muscular dystrophy
MONDO:0020121,224,DOID:9884,muscular dystrophy
MONDO:0020121,225,DOID:9884,muscular dystrophy
MONDO:0020121,226,DOID:9884,muscular dystrophy
MONDO:0020121,512,DOID:9884,muscular dystrophy
MONDO:0020121,686,DOID:9884,muscular dystrophy
MONDO:0020121,1138,DOID:9884,muscular dystrophy
MONDO:0020121,1273,DOID:9884,muscular dystrophy
MONDO:0020121,1379,DOID:9884,muscular dystrophy
MONDO:0020121,1881,DOID:9884,muscular dystrophy
MONDO:0020121,2647,DOID:9884,muscular dystrophy
MONDO:0020121,2724,DOID:9884,muscular dystrophy
MONDO:0020121,3179,DOID:9884,muscular dystrophy
MONDO:0020121,3705,DOID:9884,muscular dystrophy
MONDO:0020121,4155,DOID:9884,muscular dystrophy
MONDO:0020121,4308,DOID:9884,muscular dystrophy
MONDO:0020121,5486,DOID:9884,muscular dystrophy
MONDO:0020121,5926,DOID:9884,muscular dystrophy
MONDO:0020121,6293,DOID:9884,muscular dystrophy
MONDO:0020121,6625,DOID:9884,muscular dystrophy
MONDO:0020121,7069,DOID:9884,muscular dystrophy
MONDO:0020121,7626,DOID:9884,muscular dystrophy
MONDO:0020121,8285,DOID:9884,muscular dystrophy
MONDO:0020121,8290,DOID:9884,muscular dystrophy
MONDO:0020121,8327,DOID:9884,muscular dystrophy
MONDO:0020121,8639,DOID:9884,muscular dystrophy
MONDO:0020121,8767,DOID:9884,muscular dystrophy
MONDO:0020121,9076,DOID:9884,muscular dystrophy
MONDO:0020121,9123,DOID:9884,muscular dystrophy
MONDO:0020121,9140,DOID:9884,muscular dystrophy
MONDO:0020121,9245,DOID:9884,muscular dystrophy
MONDO:0020121,9488,DOID:9884,muscular dystrophy
MONDO:0020121,9491,DOID:9884,muscular dystrophy
MONDO:0020121,9963,DOID:9884,muscular dystrophy
MONDO:0020121,9992,DOID:9884,muscular dystrophy
MONDO:0020121,10554,DOID:9884,muscular dystrophy
MONDO:0020121,10714,DOID:9884,muscular dystrophy
MONDO:0020121,11193,DOID:9884,muscular dystrophy
MONDO:0020121,11901,DOID:9884,muscular dystrophy
MONDO:0020121,12022,DOID:9884,muscular dystrophy
MONDO:0020121,13034,DOID:9884,muscular dystrophy
MONDO:0020121,13093,DOID:9884,muscular dystrophy
MONDO:0020121,13773,DOID:9884,muscular dystrophy
MONDO:0020121,15595,UMLS:C0026850,muscular dystrophy
MONDO:0020121,15986,DOID:9884,muscular dystrophy
MONDO:0020121,16312,DOID:9884,muscular dystrophy
MONDO:0020121,16524,DOID:9884,muscular dystrophy
MONDO:0020121,17341,DOID:9884,muscular dystrophy
MONDO:0020121,17836,DOID:9884,muscular dystrophy
MONDO:0020121,18683,DOID:9884,muscular dystrophy
MONDO:0020121,18866,DOID:9884,muscular dystrophy
MONDO:0020121,19177,DOID:9884,muscular dystrophy
MONDO:0020121,20247,DOID:9884,muscular dystrophy
MONDO:0010679,2647,DOID:11723,Duchenne muscular dystrophy
MONDO:0010311,2647,DOID:9883,Becker muscular dystrophy
MONDO:0010679,12144,DOID:11723,Duchenne muscular dystrophy
MONDO:0008116,18683,DOID:11719,Oculopharyngeal muscular dystrophy
MONDO:0016971,13093,DOID:11724,limb-girdle muscular dystrophy
MONDO:0016971,1881,DOID:11724,limb-girdle muscular dystrophy
MONDO:0010311,2647,DOID:9883,Becker muscular dystrophy
MONDO:0016971,12022,DOID:11724,limb-girdle muscular dystrophy
MONDO:0020121,11193,DOID:9884,muscular dystrophy
MONDO:0008116,18683,DOID:11719,Oculopharyngeal muscular dystrophy
MONDO:0020121,8327,DOID:9884,muscular dystrophy
MONDO:0016971,9488,DOID:11724,limb-girdle muscular dystrophy
MONDO:0001347,4308,DOID:11727,facioscapulohumeral muscular dystrophy
MONDO:0010311,549,DOID:9883,Becker muscular dystrophy
MONDO:0010311,2543,DOID:9883,Becker muscular dystrophy
MONDO:0010311,5385,DOID:9883,Becker muscular dystrophy
MONDO:0010311,14302,DOID:9883,Becker muscular dystrophy
MONDO:0010311,6188,DOID:9883,Becker muscular dystrophy
MONDO:0010311,14566,DOID:9883,Becker muscular dystrophy
MONDO:0010311,475,DOID:9883,Becker muscular dystrophy
MONDO:0010311,14634,DOID:9883,Becker muscular dystrophy
MONDO:0010311,3058,DOID:9883,Becker muscular dystrophy
MONDO:0010311,16765,DOID:9883,Becker muscular dystrophy
MONDO:0010311,12084,DOID:9883,Becker muscular dystrophy
MONDO:0010311,16872,DOID:9883,Becker muscular dystrophy
MONDO:0010311,14561,DOID:9883,Becker muscular dystrophy
MONDO:0010311,15710,DOID:9883,Becker muscular dystrophy
MONDO:0010311,98,DOID:9883,Becker muscular dystrophy
MONDO:0010311,11889,DOID:9883,Becker muscular dystrophy
MONDO:0010311,1100,DOID:9883,Becker muscular dystrophy
MONDO:0010311,12224,DOID:9883,Becker muscular dystrophy
MONDO:0010311,932,DOID:9883,Becker muscular dystrophy
MONDO:0010311,14114,DOID:9883,Becker muscular dystrophy
MONDO:0010311,4405,DOID:9883,Becker muscular dystrophy
MONDO:0010311,12130,DOID:9883,Becker muscular dystrophy
MONDO:0010311,10146,DOID:9883,Becker muscular dystrophy
MONDO:0010311,20188,DOID:9883,Becker muscular dystrophy
MONDO:0010311,18766,DOID:9883,Becker muscular dystrophy
MONDO:0010311,3998,DOID:9883,Becker muscular dystrophy
MONDO:0010311,9112,DOID:9883,Becker muscular dystrophy
MONDO:0010311,6903,DOID:9883,Becker muscular dystrophy
MONDO:0010311,3834,DOID:9883,Becker muscular dystrophy
MONDO:0010311,17061,DOID:9883,Becker muscular dystrophy
MONDO:0010311,3379,DOID:9883,Becker muscular dystrophy
MONDO:0010311,3902,DOID:9883,Becker muscular dystrophy
MONDO:0010311,11956,DOID:9883,Becker muscular dystrophy
MONDO:0010311,14091,DOID:9883,Becker muscular dystrophy
MONDO:0010311,19496,DOID:9883,Becker muscular dystrophy
MONDO:0010311,20403,DOID:9883,Becker muscular dystrophy
MONDO:0010311,12636,DOID:9883,Becker muscular dystrophy
MONDO:0010311,11805,DOID:9883,Becker muscular dystrophy
MONDO:0010311,11391,DOID:9883,Becker muscular dystrophy
MONDO:0010311,5115,DOID:9883,Becker muscular dystrophy
MONDO:0010311,7536,DOID:9883,Becker muscular dystrophy
MONDO:0010311,4070,DOID:9883,Becker muscular dystrophy
MONDO:0010311,12742,DOID:9883,Becker muscular dystrophy
MONDO:0010311,1836,DOID:9883,Becker muscular dystrophy
MONDO:0010311,5776,DOID:9883,Becker muscular dystrophy
MONDO:0010311,18122,DOID:9883,Becker muscular dystrophy
MONDO:0010311,5507,DOID:9883,Becker muscular dystrophy
MONDO:0010311,19947,DOID:9883,Becker muscular dystrophy
MONDO:0010311,78,DOID:9883,Becker muscular dystrophy
MONDO:0010311,18638,DOID:9883,Becker muscular dystrophy
MONDO:0010311,13270,DOID:9883,Becker muscular dystrophy
MONDO:0010311,751,DOID:9883,Becker muscular dystrophy
MONDO:0010311,5053,DOID:9883,Becker muscular dystrophy
MONDO:0010311,1497,DOID:9883,Becker muscular dystrophy
MONDO:0010311,216,DOID:9883,Becker muscular dystrophy
MONDO:0010311,4433,DOID:9883,Becker muscular dystrophy
MONDO:0010311,8204,DOID:9883,Becker muscular dystrophy
MONDO:0010311,13684,DOID:9883,Becker muscular dystrophy
MONDO:0010311,37,DOID:9883,Becker muscular dystrophy
MONDO:0010311,13089,DOID:9883,Becker muscular dystrophy
MONDO:0010311,15601,DOID:9883,Becker muscular dystrophy
MONDO:0010311,20324,DOID:9883,Becker muscular dystrophy
MONDO:0010311,20181,DOID:9883,Becker muscular dystrophy
MONDO:0010311,20241,DOID:9883,Becker muscular dystrophy
MONDO:0010311,11865,DOID:9883,Becker muscular dystrophy
MONDO:0010311,11951,DOID:9883,Becker muscular dystrophy
MONDO:0010311,540,DOID:9883,Becker muscular dystrophy
MONDO:0010311,15967,DOID:9883,Becker muscular dystrophy
MONDO:0010311,987,DOID:9883,Becker muscular dystrophy
MONDO:0010311,16085,DOID:9883,Becker muscular dystrophy
MONDO:0010311,8835,DOID:9883,Becker muscular dystrophy
MONDO:0010311,20299,DOID:9883,Becker muscular dystrophy
MONDO:0010311,18654,DOID:9883,Becker muscular dystrophy
MONDO:0010311,15345,DOID:9883,Becker muscular dystrophy
MONDO:0010311,17307,DOID:9883,Becker muscular dystrophy
MONDO:0010311,5320,DOID:9883,Becker muscular dystrophy
MONDO:0010311,18121,DOID:9883,Becker muscular dystrophy
MONDO:0010311,218,DOID:9883,Becker muscular dystrophy
MONDO:0010311,686,DOID:9883,Becker muscular dystrophy
MONDO:0010311,2892,DOID:9883,Becker muscular dystrophy
MONDO:0010311,8391,DOID:9883,Becker muscular dystrophy
MONDO:0010311,9309,DOID:9883,Becker muscular dystrophy
MONDO:0010311,2655,DOID:9883,Becker muscular dystrophy
MONDO:0010311,16822,DOID:9883,Becker muscular dystrophy
MONDO:0010311,8825,DOID:9883,Becker muscular dystrophy
MONDO:0010311,18050,DOID:9883,Becker muscular dystrophy
MONDO:0010311,9207,DOID:9883,Becker muscular dystrophy
MONDO:0010311,19717,DOID:9883,Becker muscular dystrophy
MONDO:0010311,15819,DOID:9883,Becker muscular dystrophy
MONDO:0010311,9350,DOID:9883,Becker muscular dystrophy
MONDO:0010311,8831,DOID:9883,Becker muscular dystrophy
MONDO:0010311,7681,DOID:9883,Becker muscular dystrophy
MONDO:0010311,263,DOID:9883,Becker muscular dystrophy
MONDO:0010311,1848,DOID:9883,Becker muscular dystrophy
MONDO:0010311,9109,DOID:9883,Becker muscular dystrophy
MONDO:0010311,3665,DOID:9883,Becker muscular dystrophy
MONDO:0010311,19881,DOID:9883,Becker muscular dystrophy
MONDO:0010311,6825,DOID:9883,Becker muscular dystrophy
MONDO:0010311,7846,DOID:9883,Becker muscular dystrophy
MONDO:0010311,15357,DOID:9883,Becker muscular dystrophy
MONDO:0010311,12989,DOID:9883,Becker muscular dystrophy
MONDO:0010311,19551,DOID:9883,Becker muscular dystrophy
MONDO:0010311,7974,DOID:9883,Becker muscular dystrophy
MONDO:0010311,12714,DOID:9883,Becker muscular dystrophy
MONDO:0010311,9439,DOID:9883,Becker muscular dystrophy
MONDO:0010311,4160,DOID:9883,Becker muscular dystrophy
MONDO:0010311,219,DOID:9883,Becker muscular dystrophy
MONDO:0010311,5862,DOID:9883,Becker muscular dystrophy
MONDO:0010311,18124,DOID:9883,Becker muscular dystrophy
MONDO:0010311,8933,DOID:9883,Becker muscular dystrophy
MONDO:0010311,5456,DOID:9883,Becker muscular dystrophy
MONDO:0010311,14101,DOID:9883,Becker muscular dystrophy
MONDO:0010311,20196,DOID:9883,Becker muscular dystrophy
MONDO:0010311,6547,DOID:9883,Becker muscular dystrophy
MONDO:0010311,20149,DOID:9883,Becker muscular dystrophy
MONDO:0010311,9968,DOID:9883,Becker muscular dystrophy
MONDO:0010311,5584,DOID:9883,Becker muscular dystrophy
MONDO:0010311,8916,DOID:9883,Becker muscular dystrophy
MONDO:0010311,16468,DOID:9883,Becker muscular dystrophy
MONDO:0010311,4284,DOID:9883,Becker muscular dystrophy
MONDO:0010311,10604,DOID:9883,Becker muscular dystrophy
MONDO:0010311,35,DOID:9883,Becker muscular dystrophy
MONDO:0010311,17025,DOID:9883,Becker muscular dystrophy
MONDO:0010311,2423,DOID:9883,Becker muscular dystrophy
MONDO:0010311,15434,DOID:9883,Becker muscular dystrophy
MONDO:0010311,1658,DOID:9883,Becker muscular dystrophy
MONDO:0010311,13022,DOID:9883,Becker muscular dystrophy
MONDO:0010311,8631,DOID:9883,Becker muscular dystrophy
MONDO:0010311,15605,DOID:9883,Becker muscular dystrophy
MONDO:0010311,8867,DOID:9883,Becker muscular dystrophy
MONDO:0010311,13150,DOID:9883,Becker muscular dystrophy
MONDO:0010311,17269,DOID:9883,Becker muscular dystrophy
MONDO:0010311,12956,DOID:9883,Becker muscular dystrophy
MONDO:0010311,13053,DOID:9883,Becker muscular dystrophy
MONDO:0010311,1969,DOID:9883,Becker muscular dystrophy
MONDO:0010311,9625,DOID:9883,Becker muscular dystrophy
MONDO:0010311,15515,DOID:9883,Becker muscular dystrophy
MONDO:0010311,11275,DOID:9883,Becker muscular dystrophy
MONDO:0010311,685,DOID:9883,Becker muscular dystrophy
MONDO:0010311,4555,DOID:9883,Becker muscular dystrophy
MONDO:0010311,8175,DOID:9883,Becker muscular dystrophy
MONDO:0010311,4595,DOID:9883,Becker muscular dystrophy
MONDO:0010311,14097,DOID:9883,Becker muscular dystrophy
MONDO:0010311,14130,DOID:9883,Becker muscular dystrophy
MONDO:0010311,14107,DOID:9883,Becker muscular dystrophy
MONDO:0010311,5530,DOID:9883,Becker muscular dystrophy
MONDO:0010311,15278,DOID:9883,Becker muscular dystrophy
MONDO:0010311,19896,DOID:9883,Becker muscular dystrophy
MONDO:0010311,1260,DOID:9883,Becker muscular dystrophy
MONDO:0010311,12936,DOID:9883,Becker muscular dystrophy
MONDO:0010311,12445,DOID:9883,Becker muscular dystrophy
MONDO:0010311,16706,DOID:9883,Becker muscular dystrophy
MONDO:0010311,2258,DOID:9883,Becker muscular dystrophy
MONDO:0010311,6174,DOID:9883,Becker muscular dystrophy
MONDO:0010311,13945,DOID:9883,Becker muscular dystrophy
MONDO:0010311,4344,DOID:9883,Becker muscular dystrophy
MONDO:0010311,10549,DOID:9883,Becker muscular dystrophy
MONDO:0010311,5193,DOID:9883,Becker muscular dystrophy
MONDO:0010311,1281,DOID:9883,Becker muscular dystrophy
MONDO:0010311,17048,DOID:9883,Becker muscular dystrophy
MONDO:0010311,17911,DOID:9883,Becker muscular dystrophy
MONDO:0010311,9996,DOID:9883,Becker muscular dystrophy
MONDO:0010311,2590,DOID:9883,Becker muscular dystrophy
MONDO:0010311,5871,DOID:9883,Becker muscular dystrophy
MONDO:0010311,6823,DOID:9883,Becker muscular dystrophy
MONDO:0010311,12876,DOID:9883,Becker muscular dystrophy
MONDO:0010311,10265,DOID:9883,Becker muscular dystrophy
MONDO:0010311,16629,DOID:9883,Becker muscular dystrophy
MONDO:0010311,7626,DOID:9883,Becker muscular dystrophy
MONDO:0010311,8643,DOID:9883,Becker muscular dystrophy
MONDO:0010311,13114,DOID:9883,Becker muscular dystrophy
MONDO:0010311,18944,DOID:9883,Becker muscular dystrophy
MONDO:0010311,20164,DOID:9883,Becker muscular dystrophy
MONDO:0010311,367,DOID:9883,Becker muscular dystrophy
MONDO:0010311,6460,DOID:9883,Becker muscular dystrophy
MONDO:0010311,1937,DOID:9883,Becker muscular dystrophy
MONDO:0010311,12715,DOID:9883,Becker muscular dystrophy
MONDO:0010311,18765,DOID:9883,Becker muscular dystrophy
MONDO:0010311,1941,DOID:9883,Becker muscular dystrophy
MONDO:0010311,11730,DOID:9883,Becker muscular dystrophy
MONDO:0010311,3530,DOID:9883,Becker muscular dystrophy
MONDO:0010311,19131,DOID:9883,Becker muscular dystrophy
MONDO:0010679,549,DOID:11723,Duchenne muscular dystrophy
MONDO:0010679,2434,DOID:11723,Duchenne muscular dystrophy
MONDO:0010679,11279,DOID:11723,Duchenne muscular dystrophy
MONDO:0010679,8854,DOID:11723,Duchenne muscular dystrophy
MONDO:0010679,1853,DOID:11723,Duchenne muscular dystrophy
MONDO:0010679,15816,DOID:11723,Duchenne muscular dystrophy
MONDO:0010679,19370,DOID:11723,Duchenne muscular dystrophy
MONDO:0010679,10206,DOID:11723,Duchenne muscular dystrophy
MONDO:0010679,2543,DOID:11723,Duchenne muscular dystrophy
MONDO:0010679,3576,DOID:11723,Duchenne muscular dystrophy
MONDO:0010679,10552,DOID:11723,Duchenne muscular dystrophy
MONDO:0010679,5385,DOID:11723,Duchenne muscular dystrophy
MONDO:0010679,789,DOID:11723,Duchenne muscular dystrophy
MONDO:0010679,5708,DOID:11723,Duchenne muscular dystrophy
MONDO:0010679,14302,DOID:11723,Duchenne muscular dystrophy
MONDO:0010679,16891,DOID:11723,Duchenne muscular dystrophy
MONDO:0010679,7704,DOID:11723,Duchenne muscular dystrophy
MONDO:0010679,6188,DOID:11723,Duchenne muscular dystrophy
MONDO:0010679,8133,DOID:11723,Duchenne muscular dystrophy
MONDO:0010679,14566,DOID:11723,Duchenne muscular dystrophy
MONDO:0010679,475,DOID:11723,Duchenne muscular dystrophy
MONDO:0010679,1570,DOID:11723,Duchenne muscular dystrophy
MONDO:0010679,14634,DOID:11723,Duchenne muscular dystrophy
MONDO:0010679,3058,DOID:11723,Duchenne muscular dystrophy
MONDO:0010679,16765,DOID:11723,Duchenne muscular dystrophy
MONDO:0010679,18011,DOID:11723,Duchenne muscular dystrophy
MONDO:0010679,12084,DOID:11723,Duchenne muscular dystrophy
MONDO:0010679,2847,DOID:11723,Duchenne muscular dystrophy
MONDO:0010679,1603,DOID:11723,Duchenne muscular dystrophy
MONDO:0010679,6191,DOID:11723,Duchenne muscular dystrophy
MONDO:0010679,2673,DOID:11723,Duchenne muscular dystrophy
MONDO:0010679,9797,DOID:11723,Duchenne muscular dystrophy
MONDO:0010679,16872,DOID:11723,Duchenne muscular dystrophy
MONDO:0010679,14510,DOID:11723,Duchenne muscular dystrophy
MONDO:0010679,17388,DOID:11723,Duchenne muscular dystrophy
MONDO:0010679,5210,DOID:11723,Duchenne muscular dystrophy
MONDO:0010679,3749,DOID:11723,Duchenne muscular dystrophy
MONDO:0010679,10045,DOID:11723,Duchenne muscular dystrophy
MONDO:0010679,15710,DOID:11723,Duchenne muscular dystrophy
MONDO:0010679,8984,DOID:11723,Duchenne muscular dystrophy
MONDO:0010679,5356,DOID:11723,Duchenne muscular dystrophy
MONDO:0010679,18516,DOID:11723,Duchenne muscular dystrophy
MONDO:0010679,98,DOID:11723,Duchenne muscular dystrophy
MONDO:0010679,13075,DOID:11723,Duchenne muscular dystrophy
MONDO:0010679,6604,DOID:11723,Duchenne muscular dystrophy
MONDO:0010679,9479,DOID:11723,Duchenne muscular dystrophy
MONDO:0010679,2770,DOID:11723,Duchenne muscular dystrophy
MONDO:0010679,6977,DOID:11723,Duchenne muscular dystrophy
MONDO:0010679,1147,DOID:11723,Duchenne muscular dystrophy
MONDO:0010679,3883,DOID:11723,Duchenne muscular dystrophy
MONDO:0010679,2302,DOID:11723,Duchenne muscular dystrophy
MONDO:0010679,1148,DOID:11723,Duchenne muscular dystrophy
MONDO:0010679,6602,DOID:11723,Duchenne muscular dystrophy
MONDO:0010679,15464,DOID:11723,Duchenne muscular dystrophy
MONDO:0010679,20366,DOID:11723,Duchenne muscular dystrophy
MONDO:0010679,11889,DOID:11723,Duchenne muscular dystrophy
MONDO:0010679,20109,DOID:11723,Duchenne muscular dystrophy
MONDO:0010679,1100,DOID:11723,Duchenne muscular dystrophy
MONDO:0010679,12224,DOID:11723,Duchenne muscular dystrophy
MONDO:0010679,18635,DOID:11723,Duchenne muscular dystrophy
MONDO:0010679,11421,DOID:11723,Duchenne muscular dystrophy
MONDO:0010679,17207,DOID:11723,Duchenne muscular dystrophy
MONDO:0010679,6895,DOID:11723,Duchenne muscular dystrophy
MONDO:0010679,932,DOID:11723,Duchenne muscular dystrophy
MONDO:0010679,14114,DOID:11723,Duchenne muscular dystrophy
MONDO:0010679,15760,DOID:11723,Duchenne muscular dystrophy
MONDO:0010679,6467,DOID:11723,Duchenne muscular dystrophy
MONDO:0010679,15805,DOID:11723,Duchenne muscular dystrophy
MONDO:0010679,4405,DOID:11723,Duchenne muscular dystrophy
MONDO:0010679,3217,DOID:11723,Duchenne muscular dystrophy
MONDO:0010679,12130,DOID:11723,Duchenne muscular dystrophy
MONDO:0010679,6111,DOID:11723,Duchenne muscular dystrophy
MONDO:0010679,10146,DOID:11723,Duchenne muscular dystrophy
MONDO:0010679,20188,DOID:11723,Duchenne muscular dystrophy
MONDO:0010679,6991,DOID:11723,Duchenne muscular dystrophy
MONDO:0010679,18766,DOID:11723,Duchenne muscular dystrophy
MONDO:0010679,10906,DOID:11723,Duchenne muscular dystrophy
MONDO:0010679,1990,DOID:11723,Duchenne muscular dystrophy
MONDO:0010679,3998,DOID:11723,Duchenne muscular dystrophy
MONDO:0010679,10030,DOID:11723,Duchenne muscular dystrophy
MONDO:0010679,6300,DOID:11723,Duchenne muscular dystrophy
MONDO:0010679,9112,DOID:11723,Duchenne muscular dystrophy
MONDO:0010679,12576,DOID:11723,Duchenne muscular dystrophy
MONDO:0010679,3416,DOID:11723,Duchenne muscular dystrophy
MONDO:0010679,19385,DOID:11723,Duchenne muscular dystrophy
MONDO:0010679,10228,DOID:11723,Duchenne muscular dystrophy
MONDO:0010679,13132,DOID:11723,Duchenne muscular dystrophy
MONDO:0010679,9749,DOID:11723,Duchenne muscular dystrophy
MONDO:0010679,13410,DOID:11723,Duchenne muscular dystrophy
MONDO:0010679,2242,DOID:11723,Duchenne muscular dystrophy
MONDO:0010679,2333,DOID:11723,Duchenne muscular dystrophy
MONDO:0010679,575,DOID:11723,Duchenne muscular dystrophy
MONDO:0010679,10929,DOID:11723,Duchenne muscular dystrophy
MONDO:0010679,9336,DOID:11723,Duchenne muscular dystrophy
MONDO:0010679,6903,DOID:11723,Duchenne muscular dystrophy
MONDO:0010679,19331,DOID:11723,Duchenne muscular dystrophy
MONDO:0010679,7579,DOID:11723,Duchenne muscular dystrophy
MONDO:0010679,3834,DOID:11723,Duchenne muscular dystrophy
MONDO:0010679,19787,DOID:11723,Duchenne muscular dystrophy
MONDO:0010679,17061,DOID:11723,Duchenne muscular dystrophy
MONDO:0010679,3304,DOID:11723,Duchenne muscular dystrophy
MONDO:0010679,3379,DOID:11723,Duchenne muscular dystrophy
MONDO:0010679,8489,DOID:11723,Duchenne muscular dystrophy
MONDO:0010679,12042,DOID:11723,Duchenne muscular dystrophy
MONDO:0010679,11956,DOID:11723,Duchenne muscular dystrophy
MONDO:0010679,14091,DOID:11723,Duchenne muscular dystrophy
MONDO:0010679,1062,DOID:11723,Duchenne muscular dystrophy
MONDO:0010679,18259,DOID:11723,Duchenne muscular dystrophy
MONDO:0010679,14535,DOID:11723,Duchenne muscular dystrophy
MONDO:0010679,20403,DOID:11723,Duchenne muscular dystrophy
MONDO:0010679,8756,DOID:11723,Duchenne muscular dystrophy
MONDO:0010679,2152,DOID:11723,Duchenne muscular dystrophy
MONDO:0010679,2442,DOID:11723,Duchenne muscular dystrophy
MONDO:0010679,12838,DOID:11723,Duchenne muscular dystrophy
MONDO:0010679,12597,DOID:11723,Duchenne muscular dystrophy
MONDO:0010679,1800,DOID:11723,Duchenne muscular dystrophy
MONDO:0010679,2974,DOID:11723,Duchenne muscular dystrophy
MONDO:0010679,12636,DOID:11723,Duchenne muscular dystrophy
MONDO:0010679,878,DOID:11723,Duchenne muscular dystrophy
MONDO:0010679,11805,DOID:11723,Duchenne muscular dystrophy
MONDO:0010679,3321,DOID:11723,Duchenne muscular dystrophy
MONDO:0010679,12077,DOID:11723,Duchenne muscular dystrophy
MONDO:0010679,9049,DOID:11723,Duchenne muscular dystrophy
MONDO:0010679,4950,DOID:11723,Duchenne muscular dystrophy
MONDO:0010679,9832,DOID:11723,Duchenne muscular dystrophy
MONDO:0010679,11391,DOID:11723,Duchenne muscular dystrophy
MONDO:0010679,16842,DOID:11723,Duchenne muscular dystrophy
MONDO:0010679,12184,DOID:11723,Duchenne muscular dystrophy
MONDO:0010679,5115,DOID:11723,Duchenne muscular dystrophy
MONDO:0010679,7536,DOID:11723,Duchenne muscular dystrophy
MONDO:0010679,10760,DOID:11723,Duchenne muscular dystrophy
MONDO:0010679,17131,DOID:11723,Duchenne muscular dystrophy
MONDO:0010679,12742,DOID:11723,Duchenne muscular dystrophy
MONDO:0010679,16350,DOID:11723,Duchenne muscular dystrophy
MONDO:0010679,1836,DOID:11723,Duchenne muscular dystrophy
MONDO:0010679,5776,DOID:11723,Duchenne muscular dystrophy
MONDO:0010679,1638,DOID:11723,Duchenne muscular dystrophy
MONDO:0010679,5477,DOID:11723,Duchenne muscular dystrophy
MONDO:0010679,5513,DOID:11723,Duchenne muscular dystrophy
MONDO:0010679,8406,DOID:11723,Duchenne muscular dystrophy
MONDO:0010679,14610,DOID:11723,Duchenne muscular dystrophy
MONDO:0010679,2441,DOID:11723,Duchenne muscular dystrophy
MONDO:0010679,5883,DOID:11723,Duchenne muscular dystrophy
MONDO:0010679,11108,DOID:11723,Duchenne muscular dystrophy
MONDO:0010679,7999,DOID:11723,Duchenne muscular dystrophy
MONDO:0010679,19947,DOID:11723,Duchenne muscular dystrophy
MONDO:0010679,8230,DOID:11723,Duchenne muscular dystrophy
MONDO:0010679,375,DOID:11723,Duchenne muscular dystrophy
MONDO:0010679,9243,DOID:11723,Duchenne muscular dystrophy
MONDO:0010679,9849,DOID:11723,Duchenne muscular dystrophy
MONDO:0010679,78,DOID:11723,Duchenne muscular dystrophy
MONDO:0010679,14154,DOID:11723,Duchenne muscular dystrophy
MONDO:0010679,2393,DOID:11723,Duchenne muscular dystrophy
MONDO:0010679,18638,DOID:11723,Duchenne muscular dystrophy
MONDO:0010679,19304,DOID:11723,Duchenne muscular dystrophy
MONDO:0010679,2372,DOID:11723,Duchenne muscular dystrophy
MONDO:0010679,19121,DOID:11723,Duchenne muscular dystrophy
MONDO:0010679,13270,DOID:11723,Duchenne muscular dystrophy
MONDO:0010679,8527,DOID:11723,Duchenne muscular dystrophy
MONDO:0010679,13837,DOID:11723,Duchenne muscular dystrophy
MONDO:0010679,7709,DOID:11723,Duchenne muscular dystrophy
MONDO:0010679,751,DOID:11723,Duchenne muscular dystrophy
MONDO:0010679,2181,DOID:11723,Duchenne muscular dystrophy
MONDO:0010679,4300,DOID:11723,Duchenne muscular dystrophy
MONDO:0010679,5053,DOID:11723,Duchenne muscular dystrophy
MONDO:0010679,12865,DOID:11723,Duchenne muscular dystrophy
MONDO:0010679,6401,DOID:11723,Duchenne muscular dystrophy
MONDO:0010679,1497,DOID:11723,Duchenne muscular dystrophy
MONDO:0010679,13987,DOID:11723,Duchenne muscular dystrophy
MONDO:0010679,2998,DOID:11723,Duchenne muscular dystrophy
MONDO:0010679,8057,DOID:11723,Duchenne muscular dystrophy
MONDO:0010679,4998,DOID:11723,Duchenne muscular dystrophy
MONDO:0010679,19143,DOID:11723,Duchenne muscular dystrophy
MONDO:0010679,216,DOID:11723,Duchenne muscular dystrophy
MONDO:0010679,13055,DOID:11723,Duchenne muscular dystrophy
MONDO:0010679,2657,DOID:11723,Duchenne muscular dystrophy
MONDO:0010679,6830,DOID:11723,Duchenne muscular dystrophy
MONDO:0010679,17367,DOID:11723,Duchenne muscular dystrophy
MONDO:0010679,13177,DOID:11723,Duchenne muscular dystrophy
MONDO:0010679,9716,DOID:11723,Duchenne muscular dystrophy
MONDO:0010679,12081,DOID:11723,Duchenne muscular dystrophy
MONDO:0010679,5921,DOID:11723,Duchenne muscular dystrophy
MONDO:0010679,8289,DOID:11723,Duchenne muscular dystrophy
MONDO:0010679,12094,DOID:11723,Duchenne muscular dystrophy
MONDO:0010679,5485,DOID:11723,Duchenne muscular dystrophy
MONDO:0010679,11863,DOID:11723,Duchenne muscular dystrophy
MONDO:0010679,4433,DOID:11723,Duchenne muscular dystrophy
MONDO:0010679,6365,DOID:11723,Duchenne muscular dystrophy
MONDO:0010679,8204,DOID:11723,Duchenne muscular dystrophy
MONDO:0010679,16937,DOID:11723,Duchenne muscular dystrophy
MONDO:0010679,13684,DOID:11723,Duchenne muscular dystrophy
MONDO:0010679,3347,DOID:11723,Duchenne muscular dystrophy
MONDO:0010679,37,DOID:11723,Duchenne muscular dystrophy
MONDO:0010679,17075,DOID:11723,Duchenne muscular dystrophy
MONDO:0010679,1402,DOID:11723,Duchenne muscular dystrophy
MONDO:0010679,15974,DOID:11723,Duchenne muscular dystrophy
MONDO:0010679,7922,DOID:11723,Duchenne muscular dystrophy
MONDO:0010679,13089,DOID:11723,Duchenne muscular dystrophy
MONDO:0010679,3797,DOID:11723,Duchenne muscular dystrophy
MONDO:0010679,15601,DOID:11723,Duchenne muscular dystrophy
MONDO:0010679,11235,DOID:11723,Duchenne muscular dystrophy
MONDO:0010679,16566,DOID:11723,Duchenne muscular dystrophy
MONDO:0010679,12554,DOID:11723,Duchenne muscular dystrophy
MONDO:0010679,10353,DOID:11723,Duchenne muscular dystrophy
MONDO:0010679,20324,DOID:11723,Duchenne muscular dystrophy
MONDO:0010679,20181,DOID:11723,Duchenne muscular dystrophy
MONDO:0010679,19909,DOID:11723,Duchenne muscular dystrophy
MONDO:0010679,20241,DOID:11723,Duchenne muscular dystrophy
MONDO:0010679,2590,DOID:11723,Duchenne muscular dystrophy
MONDO:0010679,19186,DOID:11723,Duchenne muscular dystrophy
MONDO:0010679,13375,DOID:11723,Duchenne muscular dystrophy
MONDO:0010679,4326,DOID:11723,Duchenne muscular dystrophy
MONDO:0010679,11865,DOID:11723,Duchenne muscular dystrophy
MONDO:0010679,19962,DOID:11723,Duchenne muscular dystrophy
MONDO:0010679,16224,DOID:11723,Duchenne muscular dystrophy
MONDO:0010679,16204,DOID:11723,Duchenne muscular dystrophy
MONDO:0010679,7041,DOID:11723,Duchenne muscular dystrophy
MONDO:0010679,11951,DOID:11723,Duchenne muscular dystrophy
MONDO:0010679,19323,DOID:11723,Duchenne muscular dystrophy
MONDO:0010679,3087,DOID:11723,Duchenne muscular dystrophy
MONDO:0010679,10102,DOID:11723,Duchenne muscular dystrophy
MONDO:0010679,540,DOID:11723,Duchenne muscular dystrophy
MONDO:0010679,15967,DOID:11723,Duchenne muscular dystrophy
MONDO:0010679,19505,DOID:11723,Duchenne muscular dystrophy
MONDO:0010679,1132,DOID:11723,Duchenne muscular dystrophy
MONDO:0010679,17079,DOID:11723,Duchenne muscular dystrophy
MONDO:0010679,8880,DOID:11723,Duchenne muscular dystrophy
MONDO:0010679,987,DOID:11723,Duchenne muscular dystrophy
MONDO:0010679,994,DOID:11723,Duchenne muscular dystrophy
MONDO:0010679,9016,DOID:11723,Duchenne muscular dystrophy
MONDO:0010679,16085,DOID:11723,Duchenne muscular dystrophy
MONDO:0010679,979,DOID:11723,Duchenne muscular dystrophy
MONDO:0010679,1880,DOID:11723,Duchenne muscular dystrophy
MONDO:0010679,18081,DOID:11723,Duchenne muscular dystrophy
MONDO:0010679,8835,DOID:11723,Duchenne muscular dystrophy
MONDO:0010679,5129,DOID:11723,Duchenne muscular dystrophy
MONDO:0010679,8410,DOID:11723,Duchenne muscular dystrophy
MONDO:0010679,15714,DOID:11723,Duchenne muscular dystrophy
MONDO:0010679,5661,DOID:11723,Duchenne muscular dystrophy
MONDO:0010679,6837,DOID:11723,Duchenne muscular dystrophy
MONDO:0010679,19025,DOID:11723,Duchenne muscular dystrophy
MONDO:0010679,20299,DOID:11723,Duchenne muscular dystrophy
MONDO:0010679,15345,DOID:11723,Duchenne muscular dystrophy
MONDO:0010679,17307,DOID:11723,Duchenne muscular dystrophy
MONDO:0010679,1458,DOID:11723,Duchenne muscular dystrophy
MONDO:0010679,9476,DOID:11723,Duchenne muscular dystrophy
MONDO:0010679,2175,DOID:11723,Duchenne muscular dystrophy
MONDO:0010679,5320,DOID:11723,Duchenne muscular dystrophy
MONDO:0010679,11957,DOID:11723,Duchenne muscular dystrophy
MONDO:0010679,1001,DOID:11723,Duchenne muscular dystrophy
MONDO:0010679,12590,DOID:11723,Duchenne muscular dystrophy
MONDO:0010679,14410,DOID:11723,Duchenne muscular dystrophy
MONDO:0010679,5484,DOID:11723,Duchenne muscular dystrophy
MONDO:0010679,16792,DOID:11723,Duchenne muscular dystrophy
MONDO:0010679,13124,DOID:11723,Duchenne muscular dystrophy
MONDO:0010679,10716,DOID:11723,Duchenne muscular dystrophy
MONDO:0010679,16156,DOID:11723,Duchenne muscular dystrophy
MONDO:0010679,18038,DOID:11723,Duchenne muscular dystrophy
MONDO:0010679,19792,DOID:11723,Duchenne muscular dystrophy
MONDO:0010679,18121,DOID:11723,Duchenne muscular dystrophy
MONDO:0010679,5665,DOID:11723,Duchenne muscular dystrophy
MONDO:0010679,218,DOID:11723,Duchenne muscular dystrophy
MONDO:0010679,686,DOID:11723,Duchenne muscular dystrophy
MONDO:0010679,2892,DOID:11723,Duchenne muscular dystrophy
MONDO:0010679,8391,DOID:11723,Duchenne muscular dystrophy
MONDO:0010679,9309,DOID:11723,Duchenne muscular dystrophy
MONDO:0010679,10468,DOID:11723,Duchenne muscular dystrophy
MONDO:0010679,7008,DOID:11723,Duchenne muscular dystrophy
MONDO:0010679,2655,DOID:11723,Duchenne muscular dystrophy
MONDO:0010679,2338,DOID:11723,Duchenne muscular dystrophy
MONDO:0010679,1939,DOID:11723,Duchenne muscular dystrophy
MONDO:0010679,10120,DOID:11723,Duchenne muscular dystrophy
MONDO:0010679,158,DOID:11723,Duchenne muscular dystrophy
MONDO:0010679,9207,DOID:11723,Duchenne muscular dystrophy
MONDO:0010679,18120,DOID:11723,Duchenne muscular dystrophy
MONDO:0010679,19717,DOID:11723,Duchenne muscular dystrophy
MONDO:0010679,2786,DOID:11723,Duchenne muscular dystrophy
MONDO:0010679,16436,DOID:11723,Duchenne muscular dystrophy
MONDO:0010679,18822,DOID:11723,Duchenne muscular dystrophy
MONDO:0010679,3322,DOID:11723,Duchenne muscular dystrophy
MONDO:0010679,15819,DOID:11723,Duchenne muscular dystrophy
MONDO:0010679,15809,DOID:11723,Duchenne muscular dystrophy
MONDO:0010679,8820,DOID:11723,Duchenne muscular dystrophy
MONDO:0010679,18127,DOID:11723,Duchenne muscular dystrophy
MONDO:0010679,8831,DOID:11723,Duchenne muscular dystrophy
MONDO:0010679,5969,DOID:11723,Duchenne muscular dystrophy
MONDO:0010679,1478,DOID:11723,Duchenne muscular dystrophy
MONDO:0010679,17312,DOID:11723,Duchenne muscular dystrophy
MONDO:0010679,18207,DOID:11723,Duchenne muscular dystrophy
MONDO:0010679,7681,DOID:11723,Duchenne muscular dystrophy
MONDO:0010679,19179,DOID:11723,Duchenne muscular dystrophy
MONDO:0010679,263,DOID:11723,Duchenne muscular dystrophy
MONDO:0010679,1848,DOID:11723,Duchenne muscular dystrophy
MONDO:0010679,9109,DOID:11723,Duchenne muscular dystrophy
MONDO:0010679,3665,DOID:11723,Duchenne muscular dystrophy
MONDO:0010679,12070,DOID:11723,Duchenne muscular dystrophy
MONDO:0010679,6996,DOID:11723,Duchenne muscular dystrophy
MONDO:0010679,14590,DOID:11723,Duchenne muscular dystrophy
MONDO:0010679,14110,DOID:11723,Duchenne muscular dystrophy
MONDO:0010679,19881,DOID:11723,Duchenne muscular dystrophy
MONDO:0010679,13985,DOID:11723,Duchenne muscular dystrophy
MONDO:0010679,15357,DOID:11723,Duchenne muscular dystrophy
MONDO:0010679,12989,DOID:11723,Duchenne muscular dystrophy
MONDO:0010679,6970,DOID:11723,Duchenne muscular dystrophy
MONDO:0010679,2777,DOID:11723,Duchenne muscular dystrophy
MONDO:0010679,19551,DOID:11723,Duchenne muscular dystrophy
MONDO:0010679,7974,DOID:11723,Duchenne muscular dystrophy
MONDO:0010679,15125,DOID:11723,Duchenne muscular dystrophy
MONDO:0010679,17260,DOID:11723,Duchenne muscular dystrophy
MONDO:0010679,10544,DOID:11723,Duchenne muscular dystrophy
MONDO:0010679,12714,DOID:11723,Duchenne muscular dystrophy
MONDO:0010679,9439,DOID:11723,Duchenne muscular dystrophy
MONDO:0010679,13341,DOID:11723,Duchenne muscular dystrophy
MONDO:0010679,4160,DOID:11723,Duchenne muscular dystrophy
MONDO:0010679,219,DOID:11723,Duchenne muscular dystrophy
MONDO:0010679,13813,DOID:11723,Duchenne muscular dystrophy
MONDO:0010679,5862,DOID:11723,Duchenne muscular dystrophy
MONDO:0010679,18124,DOID:11723,Duchenne muscular dystrophy
MONDO:0010679,8933,DOID:11723,Duchenne muscular dystrophy
MONDO:0010679,19107,DOID:11723,Duchenne muscular dystrophy
MONDO:0010679,5456,DOID:11723,Duchenne muscular dystrophy
MONDO:0010679,2291,DOID:11723,Duchenne muscular dystrophy
MONDO:0010679,6603,DOID:11723,Duchenne muscular dystrophy
MONDO:0010679,6044,DOID:11723,Duchenne muscular dystrophy
MONDO:0010679,15432,DOID:11723,Duchenne muscular dystrophy
MONDO:0010679,14101,DOID:11723,Duchenne muscular dystrophy
MONDO:0010679,10569,DOID:11723,Duchenne muscular dystrophy
MONDO:0010679,13007,DOID:11723,Duchenne muscular dystrophy
MONDO:0010679,10106,DOID:11723,Duchenne muscular dystrophy
MONDO:0010679,20196,DOID:11723,Duchenne muscular dystrophy
MONDO:0010679,5668,DOID:11723,Duchenne muscular dystrophy
MONDO:0010679,17560,DOID:11723,Duchenne muscular dystrophy
MONDO:0010679,6841,DOID:11723,Duchenne muscular dystrophy
MONDO:0010679,6998,DOID:11723,Duchenne muscular dystrophy
MONDO:0010679,6547,DOID:11723,Duchenne muscular dystrophy
MONDO:0010679,17778,DOID:11723,Duchenne muscular dystrophy
MONDO:0010679,9114,DOID:11723,Duchenne muscular dystrophy
MONDO:0010679,909,DOID:11723,Duchenne muscular dystrophy
MONDO:0010679,13495,DOID:11723,Duchenne muscular dystrophy
MONDO:0010679,20149,DOID:11723,Duchenne muscular dystrophy
MONDO:0010679,9968,DOID:11723,Duchenne muscular dystrophy
MONDO:0010679,10517,DOID:11723,Duchenne muscular dystrophy
MONDO:0010679,5584,DOID:11723,Duchenne muscular dystrophy
MONDO:0010679,8916,DOID:11723,Duchenne muscular dystrophy
MONDO:0010679,16744,DOID:11723,Duchenne muscular dystrophy
MONDO:0010679,17923,DOID:11723,Duchenne muscular dystrophy
MONDO:0010679,16468,DOID:11723,Duchenne muscular dystrophy
MONDO:0010679,4284,DOID:11723,Duchenne muscular dystrophy
MONDO:0010679,17337,DOID:11723,Duchenne muscular dystrophy
MONDO:0010679,10604,DOID:11723,Duchenne muscular dystrophy
MONDO:0010679,35,DOID:11723,Duchenne muscular dystrophy
MONDO:0010679,15281,DOID:11723,Duchenne muscular dystrophy
MONDO:0010679,19558,DOID:11723,Duchenne muscular dystrophy
MONDO:0010679,9363,DOID:11723,Duchenne muscular dystrophy
MONDO:0010679,17025,DOID:11723,Duchenne muscular dystrophy
MONDO:0010679,14741,DOID:11723,Duchenne muscular dystrophy
MONDO:0010679,11232,DOID:11723,Duchenne muscular dystrophy
MONDO:0010679,6900,DOID:11723,Duchenne muscular dystrophy
MONDO:0010679,13609,DOID:11723,Duchenne muscular dystrophy
MONDO:0010679,6505,DOID:11723,Duchenne muscular dystrophy
MONDO:0010679,14886,DOID:11723,Duchenne muscular dystrophy
MONDO:0010679,2423,DOID:11723,Duchenne muscular dystrophy
MONDO:0010679,19295,DOID:11723,Duchenne muscular dystrophy
MONDO:0010679,10470,DOID:11723,Duchenne muscular dystrophy
MONDO:0010679,3945,DOID:11723,Duchenne muscular dystrophy
MONDO:0010679,16006,DOID:11723,Duchenne muscular dystrophy
MONDO:0010679,15434,DOID:11723,Duchenne muscular dystrophy
MONDO:0010679,13022,DOID:11723,Duchenne muscular dystrophy
MONDO:0010679,8632,DOID:11723,Duchenne muscular dystrophy
MONDO:0010679,8631,DOID:11723,Duchenne muscular dystrophy
MONDO:0010679,15605,DOID:11723,Duchenne muscular dystrophy
MONDO:0010679,8867,DOID:11723,Duchenne muscular dystrophy
MONDO:0010679,16452,DOID:11723,Duchenne muscular dystrophy
MONDO:0010679,13967,DOID:11723,Duchenne muscular dystrophy
MONDO:0010679,13150,DOID:11723,Duchenne muscular dystrophy
MONDO:0010679,17269,DOID:11723,Duchenne muscular dystrophy
MONDO:0010679,11774,DOID:11723,Duchenne muscular dystrophy
MONDO:0010679,19214,DOID:11723,Duchenne muscular dystrophy
MONDO:0010679,12956,DOID:11723,Duchenne muscular dystrophy
MONDO:0010679,12239,DOID:11723,Duchenne muscular dystrophy
MONDO:0010679,3527,DOID:11723,Duchenne muscular dystrophy
MONDO:0010679,14121,DOID:11723,Duchenne muscular dystrophy
MONDO:0010679,17566,DOID:11723,Duchenne muscular dystrophy
MONDO:0010679,6337,DOID:11723,Duchenne muscular dystrophy
MONDO:0010679,15828,DOID:11723,Duchenne muscular dystrophy
MONDO:0010679,10799,DOID:11723,Duchenne muscular dystrophy
MONDO:0010679,11134,DOID:11723,Duchenne muscular dystrophy
MONDO:0010679,9892,DOID:11723,Duchenne muscular dystrophy
MONDO:0010679,10361,DOID:11723,Duchenne muscular dystrophy
MONDO:0010679,13053,DOID:11723,Duchenne muscular dystrophy
MONDO:0010679,10229,DOID:11723,Duchenne muscular dystrophy
MONDO:0010679,20409,DOID:11723,Duchenne muscular dystrophy
MONDO:0010679,1969,DOID:11723,Duchenne muscular dystrophy
MONDO:0010679,12269,DOID:11723,Duchenne muscular dystrophy
MONDO:0010679,15515,DOID:11723,Duchenne muscular dystrophy
MONDO:0010679,13613,DOID:11723,Duchenne muscular dystrophy
MONDO:0010679,3756,DOID:11723,Duchenne muscular dystrophy
MONDO:0010679,6551,DOID:11723,Duchenne muscular dystrophy
MONDO:0010679,19532,DOID:11723,Duchenne muscular dystrophy
MONDO:0010679,3908,DOID:11723,Duchenne muscular dystrophy
MONDO:0010679,8850,DOID:11723,Duchenne muscular dystrophy
MONDO:0010679,13942,DOID:11723,Duchenne muscular dystrophy
MONDO:0010679,941,DOID:11723,Duchenne muscular dystrophy
MONDO:0010679,15767,DOID:11723,Duchenne muscular dystrophy
MONDO:0010679,16711,DOID:11723,Duchenne muscular dystrophy
MONDO:0010679,5582,DOID:11723,Duchenne muscular dystrophy
MONDO:0010679,11275,DOID:11723,Duchenne muscular dystrophy
MONDO:0010679,685,DOID:11723,Duchenne muscular dystrophy
MONDO:0010679,17603,DOID:11723,Duchenne muscular dystrophy
MONDO:0010679,13847,DOID:11723,Duchenne muscular dystrophy
MONDO:0010679,18322,DOID:11723,Duchenne muscular dystrophy
MONDO:0010679,9858,DOID:11723,Duchenne muscular dystrophy
MONDO:0010679,15853,DOID:11723,Duchenne muscular dystrophy
MONDO:0010679,4555,DOID:11723,Duchenne muscular dystrophy
MONDO:0010679,8775,DOID:11723,Duchenne muscular dystrophy
MONDO:0010679,11193,DOID:11723,Duchenne muscular dystrophy
MONDO:0010679,10035,DOID:11723,Duchenne muscular dystrophy
MONDO:0010679,12735,DOID:11723,Duchenne muscular dystrophy
MONDO:0010679,14119,DOID:11723,Duchenne muscular dystrophy
MONDO:0010679,1762,DOID:11723,Duchenne muscular dystrophy
MONDO:0010679,13470,DOID:11723,Duchenne muscular dystrophy
MONDO:0010679,19282,DOID:11723,Duchenne muscular dystrophy
MONDO:0010679,6948,DOID:11723,Duchenne muscular dystrophy
MONDO:0010679,8175,DOID:11723,Duchenne muscular dystrophy
MONDO:0010679,2784,DOID:11723,Duchenne muscular dystrophy
MONDO:0010679,4595,DOID:11723,Duchenne muscular dystrophy
MONDO:0010679,12529,DOID:11723,Duchenne muscular dystrophy
MONDO:0010679,12205,DOID:11723,Duchenne muscular dystrophy
MONDO:0010679,2633,DOID:11723,Duchenne muscular dystrophy
MONDO:0010679,17174,DOID:11723,Duchenne muscular dystrophy
MONDO:0010679,2647,DOID:11723,Duchenne muscular dystrophy
MONDO:0010679,1084,DOID:11723,Duchenne muscular dystrophy
MONDO:0010679,14097,DOID:11723,Duchenne muscular dystrophy
MONDO:0010679,3803,DOID:11723,Duchenne muscular dystrophy
MONDO:0010679,14130,DOID:11723,Duchenne muscular dystrophy
MONDO:0010679,14107,DOID:11723,Duchenne muscular dystrophy
MONDO:0010679,5530,DOID:11723,Duchenne muscular dystrophy
MONDO:0010679,15364,DOID:11723,Duchenne muscular dystrophy
MONDO:0010679,15536,DOID:11723,Duchenne muscular dystrophy
MONDO:0010679,15539,DOID:11723,Duchenne muscular dystrophy
MONDO:0010679,15549,DOID:11723,Duchenne muscular dystrophy
MONDO:0010679,15582,DOID:11723,Duchenne muscular dystrophy
MONDO:0010679,15598,DOID:11723,Duchenne muscular dystrophy
MONDO:0010679,15611,DOID:11723,Duchenne muscular dystrophy
MONDO:0010679,15615,DOID:11723,Duchenne muscular dystrophy
MONDO:0010679,15639,DOID:11723,Duchenne muscular dystrophy
MONDO:0010679,15663,DOID:11723,Duchenne muscular dystrophy
MONDO:0010679,15669,DOID:11723,Duchenne muscular dystrophy
MONDO:0010679,16122,DOID:11723,Duchenne muscular dystrophy
MONDO:0010679,16137,DOID:11723,Duchenne muscular dystrophy
MONDO:0010679,16138,DOID:11723,Duchenne muscular dystrophy
MONDO:0010679,16161,DOID:11723,Duchenne muscular dystrophy
MONDO:0010679,16162,DOID:11723,Duchenne muscular dystrophy
MONDO:0010679,16176,DOID:11723,Duchenne muscular dystrophy
MONDO:0010679,16191,DOID:11723,Duchenne muscular dystrophy
MONDO:0010679,16210,DOID:11723,Duchenne muscular dystrophy
MONDO:0010679,16215,DOID:11723,Duchenne muscular dystrophy
MONDO:0010679,16216,DOID:11723,Duchenne muscular dystrophy
MONDO:0010679,15741,DOID:11723,Duchenne muscular dystrophy
MONDO:0010679,15278,DOID:11723,Duchenne muscular dystrophy
MONDO:0010679,11425,DOID:11723,Duchenne muscular dystrophy
MONDO:0010679,19896,DOID:11723,Duchenne muscular dystrophy
MONDO:0010679,1260,DOID:11723,Duchenne muscular dystrophy
MONDO:0010679,2373,DOID:11723,Duchenne muscular dystrophy
MONDO:0010679,2744,DOID:11723,Duchenne muscular dystrophy
MONDO:0010679,17612,DOID:11723,Duchenne muscular dystrophy
MONDO:0010679,15756,DOID:11723,Duchenne muscular dystrophy
MONDO:0010679,8278,DOID:11723,Duchenne muscular dystrophy
MONDO:0010679,12936,DOID:11723,Duchenne muscular dystrophy
MONDO:0010679,10209,DOID:11723,Duchenne muscular dystrophy
MONDO:0010679,2126,DOID:11723,Duchenne muscular dystrophy
MONDO:0010679,12445,DOID:11723,Duchenne muscular dystrophy
MONDO:0010679,79,DOID:11723,Duchenne muscular dystrophy
MONDO:0010679,19941,DOID:11723,Duchenne muscular dystrophy
MONDO:0010679,16706,DOID:11723,Duchenne muscular dystrophy
MONDO:0010679,13526,DOID:11723,Duchenne muscular dystrophy
MONDO:0010679,2500,DOID:11723,Duchenne muscular dystrophy
MONDO:0010679,923,DOID:11723,Duchenne muscular dystrophy
MONDO:0010679,20387,DOID:11723,Duchenne muscular dystrophy
MONDO:0010679,19534,DOID:11723,Duchenne muscular dystrophy
MONDO:0010679,163,DOID:11723,Duchenne muscular dystrophy
MONDO:0010679,10122,DOID:11723,Duchenne muscular dystrophy
MONDO:0010679,13854,DOID:11723,Duchenne muscular dystrophy
MONDO:0010679,19957,DOID:11723,Duchenne muscular dystrophy
MONDO:0010679,2258,DOID:11723,Duchenne muscular dystrophy
MONDO:0010679,6174,DOID:11723,Duchenne muscular dystrophy
MONDO:0010679,17325,DOID:11723,Duchenne muscular dystrophy
MONDO:0010679,18771,DOID:11723,Duchenne muscular dystrophy
MONDO:0010679,4141,DOID:11723,Duchenne muscular dystrophy
MONDO:0010679,17100,DOID:11723,Duchenne muscular dystrophy
MONDO:0010679,9192,DOID:11723,Duchenne muscular dystrophy
MONDO:0010679,13945,DOID:11723,Duchenne muscular dystrophy
MONDO:0010679,4344,DOID:11723,Duchenne muscular dystrophy
MONDO:0010679,13938,DOID:11723,Duchenne muscular dystrophy
MONDO:0010679,4245,DOID:11723,Duchenne muscular dystrophy
MONDO:0010679,13844,DOID:11723,Duchenne muscular dystrophy
MONDO:0010679,20314,DOID:11723,Duchenne muscular dystrophy
MONDO:0010679,4092,DOID:11723,Duchenne muscular dystrophy
MONDO:0010679,10549,DOID:11723,Duchenne muscular dystrophy
MONDO:0010679,1281,DOID:11723,Duchenne muscular dystrophy
MONDO:0010679,8752,DOID:11723,Duchenne muscular dystrophy
MONDO:0010679,3734,DOID:11723,Duchenne muscular dystrophy
MONDO:0010679,759,DOID:11723,Duchenne muscular dystrophy
MONDO:0010679,14328,DOID:11723,Duchenne muscular dystrophy
MONDO:0010679,18643,DOID:11723,Duchenne muscular dystrophy
MONDO:0010679,14078,DOID:11723,Duchenne muscular dystrophy
MONDO:0010679,5580,DOID:11723,Duchenne muscular dystrophy
MONDO:0010679,8132,DOID:11723,Duchenne muscular dystrophy
MONDO:0010679,18193,DOID:11723,Duchenne muscular dystrophy
MONDO:0010679,299,DOID:11723,Duchenne muscular dystrophy
MONDO:0010679,5556,DOID:11723,Duchenne muscular dystrophy
MONDO:0010679,17889,DOID:11723,Duchenne muscular dystrophy
MONDO:0010679,9941,DOID:11723,Duchenne muscular dystrophy
MONDO:0010679,5871,DOID:11723,Duchenne muscular dystrophy
MONDO:0010679,6430,DOID:11723,Duchenne muscular dystrophy
MONDO:0010679,16271,DOID:11723,Duchenne muscular dystrophy
MONDO:0010679,1608,DOID:11723,Duchenne muscular dystrophy
MONDO:0010679,18859,DOID:11723,Duchenne muscular dystrophy
MONDO:0010679,8612,DOID:11723,Duchenne muscular dystrophy
MONDO:0010679,4084,DOID:11723,Duchenne muscular dystrophy
MONDO:0010679,5842,DOID:11723,Duchenne muscular dystrophy
MONDO:0010679,4475,DOID:11723,Duchenne muscular dystrophy
MONDO:0010679,6038,DOID:11723,Duchenne muscular dystrophy
MONDO:0010679,5344,DOID:11723,Duchenne muscular dystrophy
MONDO:0010679,6897,DOID:11723,Duchenne muscular dystrophy
MONDO:0010679,12876,DOID:11723,Duchenne muscular dystrophy
MONDO:0010679,10232,DOID:11723,Duchenne muscular dystrophy
MONDO:0010679,9334,DOID:11723,Duchenne muscular dystrophy
MONDO:0010679,12338,DOID:11723,Duchenne muscular dystrophy
MONDO:0010679,9819,DOID:11723,Duchenne muscular dystrophy
MONDO:0010679,10265,DOID:11723,Duchenne muscular dystrophy
MONDO:0010679,173,DOID:11723,Duchenne muscular dystrophy
MONDO:0010679,9393,DOID:11723,Duchenne muscular dystrophy
MONDO:0010679,4216,DOID:11723,Duchenne muscular dystrophy
MONDO:0010679,17267,DOID:11723,Duchenne muscular dystrophy
MONDO:0010679,8856,DOID:11723,Duchenne muscular dystrophy
MONDO:0010679,3487,DOID:11723,Duchenne muscular dystrophy
MONDO:0010679,2425,DOID:11723,Duchenne muscular dystrophy
MONDO:0010679,1823,DOID:11723,Duchenne muscular dystrophy
MONDO:0010679,2009,DOID:11723,Duchenne muscular dystrophy
MONDO:0010679,13114,DOID:11723,Duchenne muscular dystrophy
MONDO:0010679,18944,DOID:11723,Duchenne muscular dystrophy
MONDO:0010679,14952,DOID:11723,Duchenne muscular dystrophy
MONDO:0010679,1342,DOID:11723,Duchenne muscular dystrophy
MONDO:0010679,3846,DOID:11723,Duchenne muscular dystrophy
MONDO:0010679,13932,DOID:11723,Duchenne muscular dystrophy
MONDO:0010679,3647,DOID:11723,Duchenne muscular dystrophy
MONDO:0010679,12378,DOID:11723,Duchenne muscular dystrophy
MONDO:0010679,2428,DOID:11723,Duchenne muscular dystrophy
MONDO:0010679,1716,DOID:11723,Duchenne muscular dystrophy
MONDO:0010679,13887,DOID:11723,Duchenne muscular dystrophy
MONDO:0010679,1562,DOID:11723,Duchenne muscular dystrophy
MONDO:0010679,367,DOID:11723,Duchenne muscular dystrophy
MONDO:0010679,13846,DOID:11723,Duchenne muscular dystrophy
MONDO:0010679,6460,DOID:11723,Duchenne muscular dystrophy
MONDO:0010679,1937,DOID:11723,Duchenne muscular dystrophy
MONDO:0010679,20190,DOID:11723,Duchenne muscular dystrophy
MONDO:0010679,12440,DOID:11723,Duchenne muscular dystrophy
MONDO:0010679,10608,DOID:11723,Duchenne muscular dystrophy
MONDO:0010679,19737,DOID:11723,Duchenne muscular dystrophy
MONDO:0010679,16598,DOID:11723,Duchenne muscular dystrophy
MONDO:0010679,20343,DOID:11723,Duchenne muscular dystrophy
MONDO:0010679,19051,DOID:11723,Duchenne muscular dystrophy
MONDO:0010679,15476,DOID:11723,Duchenne muscular dystrophy
MONDO:0010679,10057,DOID:11723,Duchenne muscular dystrophy
MONDO:0010679,8082,DOID:11723,Duchenne muscular dystrophy
MONDO:0010679,12025,DOID:11723,Duchenne muscular dystrophy
MONDO:0010679,746,DOID:11723,Duchenne muscular dystrophy
MONDO:0010679,5251,DOID:11723,Duchenne muscular dystrophy
MONDO:0010679,5865,DOID:11723,Duchenne muscular dystrophy
MONDO:0010679,17749,DOID:11723,Duchenne muscular dystrophy
MONDO:0010679,10634,DOID:11723,Duchenne muscular dystrophy
MONDO:0010679,11530,DOID:11723,Duchenne muscular dystrophy
MONDO:0010679,19779,DOID:11723,Duchenne muscular dystrophy
MONDO:0010679,7763,DOID:11723,Duchenne muscular dystrophy
MONDO:0010679,16521,DOID:11723,Duchenne muscular dystrophy
MONDO:0010679,18765,DOID:11723,Duchenne muscular dystrophy
MONDO:0010679,12190,DOID:11723,Duchenne muscular dystrophy
MONDO:0010679,17865,DOID:11723,Duchenne muscular dystrophy
MONDO:0010679,8789,DOID:11723,Duchenne muscular dystrophy
MONDO:0010679,8928,DOID:11723,Duchenne muscular dystrophy
MONDO:0010679,19229,DOID:11723,Duchenne muscular dystrophy
MONDO:0010679,2797,DOID:11723,Duchenne muscular dystrophy
MONDO:0010679,7977,DOID:11723,Duchenne muscular dystrophy
MONDO:0010679,16859,DOID:11723,Duchenne muscular dystrophy
MONDO:0010679,3648,DOID:11723,Duchenne muscular dystrophy
MONDO:0010679,13900,DOID:11723,Duchenne muscular dystrophy
MONDO:0010679,8684,DOID:11723,Duchenne muscular dystrophy
MONDO:0010679,18111,DOID:11723,Duchenne muscular dystrophy
MONDO:0010679,20215,DOID:11723,Duchenne muscular dystrophy
MONDO:0010679,4568,DOID:11723,Duchenne muscular dystrophy
MONDO:0010679,10447,DOID:11723,Duchenne muscular dystrophy
MONDO:0010679,15061,DOID:11723,Duchenne muscular dystrophy
MONDO:0010679,2496,DOID:11723,Duchenne muscular dystrophy
MONDO:0010679,4202,DOID:11723,Duchenne muscular dystrophy
MONDO:0010679,13391,DOID:11723,Duchenne muscular dystrophy
MONDO:0010679,11730,DOID:11723,Duchenne muscular dystrophy
MONDO:0010679,19665,DOID:11723,Duchenne muscular dystrophy
MONDO:0010679,7149,DOID:11723,Duchenne muscular dystrophy
MONDO:0010679,221,DOID:11723,Duchenne muscular dystrophy
MONDO:0010679,15141,DOID:11723,Duchenne muscular dystrophy
MONDO:0010679,19084,DOID:11723,Duchenne muscular dystrophy
MONDO:0010679,13704,DOID:11723,Duchenne muscular dystrophy
MONDO:0010679,19131,DOID:11723,Duchenne muscular dystrophy
MONDO:0008116,18683,DOID:11719,oculopharyngeal muscular dystrophy
MONDO:0020121,10554,DOID:9884,muscular dystrophy
MONDO:0020121,3705,DOID:9884,muscular dystrophy
MONDO:0020121,13093,DOID:9884,muscular dystrophy
MONDO:0020121,686,DOID:9884,muscular dystrophy
MONDO:0020121,218,DOID:9884,muscular dystrophy
MONDO:0020121,20247,DOID:9884,muscular dystrophy
MONDO:0020121,6293,DOID:9884,muscular dystrophy
MONDO:0020121,8767,DOID:9884,muscular dystrophy
MONDO:0020121,9992,DOID:9884,muscular dystrophy
MONDO:0020121,11901,DOID:9884,muscular dystrophy
MONDO:0020121,2724,DOID:9884,muscular dystrophy
MONDO:0020121,6625,DOID:9884,muscular dystrophy
MONDO:0020121,4155,DOID:9884,muscular dystrophy
MONDO:0020121,9488,DOID:9884,muscular dystrophy
MONDO:0020121,8285,DOID:9884,muscular dystrophy
MONDO:0020121,9140,DOID:9884,muscular dystrophy
MONDO:0020121,17836,DOID:9884,muscular dystrophy
MONDO:0020121,13034,DOID:9884,muscular dystrophy
MONDO:0020121,11193,DOID:9884,muscular dystrophy
MONDO:0020121,1138,DOID:9884,muscular dystrophy
MONDO:0020121,5486,DOID:9884,muscular dystrophy
MONDO:0020121,8639,DOID:9884,muscular dystrophy
MONDO:0020121,17341,DOID:9884,muscular dystrophy
MONDO:0020121,138,DOID:9884,muscular dystrophy
MONDO:0020121,15986,DOID:9884,muscular dystrophy
MONDO:0020121,219,DOID:9884,muscular dystrophy
MONDO:0020121,8290,DOID:9884,muscular dystrophy
MONDO:0020121,3179,DOID:9884,muscular dystrophy
MONDO:0020121,13773,DOID:9884,muscular dystrophy
MONDO:0020121,2647,DOID:9884,muscular dystrophy
MONDO:0020121,224,DOID:9884,muscular dystrophy
MONDO:0020121,1881,DOID:9884,muscular dystrophy
MONDO:0020121,19177,DOID:9884,muscular dystrophy
MONDO:0020121,9963,DOID:9884,muscular dystrophy
MONDO:0020121,9123,DOID:9884,muscular dystrophy
MONDO:0020121,9245,DOID:9884,muscular dystrophy
MONDO:0020121,12022,DOID:9884,muscular dystrophy
MONDO:0020121,1273,DOID:9884,muscular dystrophy
MONDO:0020121,7626,DOID:9884,muscular dystrophy
MONDO:0020121,18683,DOID:9884,muscular dystrophy
MONDO:0020121,16312,DOID:9884,muscular dystrophy
MONDO:0020121,5926,DOID:9884,muscular dystrophy
MONDO:0020121,9491,DOID:9884,muscular dystrophy
MONDO:0020121,18866,DOID:9884,muscular dystrophy
MONDO:0020121,10714,DOID:9884,muscular dystrophy
MONDO:0020121,15595,DOID:9884,muscular dystrophy
MONDO:0020121,512,DOID:9884,muscular dystrophy
MONDO:0020121,9076,DOID:9884,muscular dystrophy
MONDO:0020121,7069,DOID:9884,muscular dystrophy
MONDO:0020121,1379,DOID:9884,muscular dystrophy
MONDO:0020121,226,DOID:9884,muscular dystrophy
MONDO:0020121,225,DOID:9884,muscular dystrophy
MONDO:0020121,4308,DOID:9884,muscular dystrophy
MONDO:0020121,16524,DOID:9884,muscular dystrophy
MONDO:0010311,2647,DOID:9883,becker muscular dystrophy
MONDO:0006746,2647,DOID:9883,becker muscular dystrophy
MONDO:0020121,15595,DOID:9884,Muscular Dystrophy
MONDO:0020121,17341,DOID:9884,Muscular Dystrophy
MONDO:0010311,2473,DOID:9883,Becker Muscular Dystrophy
MONDO:0020121,218,DOID:9884,Muscular Dystrophy
MONDO:0020121,2647,DOID:9884,Muscular Dystrophy
MONDO:0010311,2647,DOID:9883,Becker Muscular Dystrophy
MONDO:0020121,5926,DOID:9884,Muscular Dystrophy
MONDO:0020121,11193,DOID:9884,Muscular Dystrophy
MONDO:0010311,2197,DOID:9883,Becker Muscular Dystrophy
MONDO:0010311,16733,DOID:9883,Becker Muscular Dystrophy
MONDO:0010311,19186,DOID:9883,Becker Muscular Dystrophy
MONDO:0020121,8327,DOID:9884,Muscular Dystrophy
MONDO:0020121,10714,DOID:9884,Muscular Dystrophy
MONDO:0008116,18683,DOID:11719,Oculopharyngeal muscular dystrophy
MONDO:0016971,8290,DOID:11724,limb-girdle muscular dystrophy
MONDO:0016971,8290,DOID:11724,limb-girdle muscular dystrophy
MONDO:0019950,5926,DOID:0050557,Congenital muscular dystrophy
MONDO:0016971,5926,DOID:11724,limb-girdle muscular dystrophy
MONDO:0016971,5926,DOID:11724,limb-girdle muscular dystrophy
MONDO:0016971,20247,DOID:11724,limb-girdle muscular dystrophy
MONDO:0016971,20247,DOID:11724,limb-girdle muscular dystrophy
MONDO:0016971,3370,DOID:11724,limb-girdle muscular dystrophy
MONDO:0016971,19097,DOID:11724,limb-girdle muscular dystrophy
MONDO:0019950,4155,DOID:0050557,Congenital muscular dystrophy
MONDO:0019950,9963,DOID:0050557,Congenital muscular dystrophy
MONDO:0016971,9963,DOID:11724,limb-girdle muscular dystrophy
MONDO:0016971,9963,DOID:11724,limb-girdle muscular dystrophy
MONDO:0019950,16588,DOID:0050557,Congenital muscular dystrophy
MONDO:0016971,9491,DOID:11724,limb-girdle muscular dystrophy
MONDO:0016971,9491,DOID:11724,limb-girdle muscular dystrophy
MONDO:0016971,1881,DOID:11724,limb-girdle muscular dystrophy
MONDO:0016971,1881,DOID:11724,limb-girdle muscular dystrophy
MONDO:0016971,9245,DOID:11724,limb-girdle muscular dystrophy
MONDO:0016971,9245,DOID:11724,limb-girdle muscular dystrophy
MONDO:0019950,865,DOID:0050557,Congenital muscular dystrophy
MONDO:0019950,219,DOID:0050557,Congenital muscular dystrophy
MONDO:0016971,219,DOID:11724,limb-girdle muscular dystrophy
MONDO:0016971,219,DOID:11724,limb-girdle muscular dystrophy
MONDO:0016971,10554,DOID:11724,limb-girdle muscular dystrophy
MONDO:0016971,10554,DOID:11724,limb-girdle muscular dystrophy
MONDO:0019950,686,DOID:0050557,Congenital muscular dystrophy
MONDO:0016971,686,DOID:11724,limb-girdle muscular dystrophy
MONDO:0016971,686,DOID:11724,limb-girdle muscular dystrophy
MONDO:0016830,16524,DOID:11726,Emery-Dreifuss muscular dystrophy
MONDO:0016830,16524,DOID:11726,Emery-Dreifuss muscular dystrophy
MONDO:0019950,17836,DOID:0050557,Congenital muscular dystrophy
MONDO:0016971,17836,DOID:11724,limb-girdle muscular dystrophy
MONDO:0016971,17836,DOID:11724,limb-girdle muscular dystrophy
MONDO:0019950,13789,DOID:0050557,Congenital muscular dystrophy
MONDO:0016971,9140,DOID:11724,limb-girdle muscular dystrophy
MONDO:0016971,9140,DOID:11724,limb-girdle muscular dystrophy
MONDO:0016971,18866,DOID:11724,limb-girdle muscular dystrophy
MONDO:0016971,15986,DOID:11724,limb-girdle muscular dystrophy
MONDO:0016971,15986,DOID:11724,limb-girdle muscular dystrophy
MONDO:0019950,225,DOID:0050557,Congenital muscular dystrophy
MONDO:0016971,3705,DOID:11724,limb-girdle muscular dystrophy
MONDO:0016971,3705,DOID:11724,limb-girdle muscular dystrophy
MONDO:0019950,13844,DOID:0050557,Congenital muscular dystrophy
MONDO:0019950,6625,DOID:0050557,Congenital muscular dystrophy
MONDO:0016971,6625,DOID:11724,limb-girdle muscular dystrophy
MONDO:0016971,6625,DOID:11724,limb-girdle muscular dystrophy
MONDO:0001347,4308,DOID:11727,Facioscapulohumeral muscular dystrophy
MONDO:0016971,11901,DOID:11724,limb-girdle muscular dystrophy
MONDO:0016971,6992,DOID:11724,limb-girdle muscular dystrophy
MONDO:0019950,9485,DOID:0050557,Congenital muscular dystrophy
MONDO:0016971,9485,DOID:11724,limb-girdle muscular dystrophy
MONDO:0016971,9123,DOID:11724,limb-girdle muscular dystrophy
MONDO:0016971,9123,DOID:11724,limb-girdle muscular dystrophy
MONDO:0016971,9488,DOID:11724,limb-girdle muscular dystrophy
MONDO:0016971,9488,DOID:11724,limb-girdle muscular dystrophy
MONDO:0016971,13093,DOID:11724,limb-girdle muscular dystrophy
MONDO:0016971,13093,DOID:11724,limb-girdle muscular dystrophy
MONDO:0019950,9994,DOID:0050557,Congenital muscular dystrophy
MONDO:0016971,9994,DOID:11724,limb-girdle muscular dystrophy
MONDO:0016971,9994,DOID:11724,limb-girdle muscular dystrophy
MONDO:0019950,11887,DOID:0050557,Congenital muscular dystrophy
MONDO:0016830,8639,DOID:11726,Emery-Dreifuss muscular dystrophy
MONDO:0016830,8639,DOID:11726,Emery-Dreifuss muscular dystrophy
MONDO:0019950,218,DOID:0050557,Congenital muscular dystrophy
MONDO:0016971,218,DOID:11724,limb-girdle muscular dystrophy
MONDO:0016971,218,DOID:11724,limb-girdle muscular dystrophy
MONDO:0019950,13773,DOID:0050557,Congenital muscular dystrophy
MONDO:0016830,8767,DOID:11726,Emery-Dreifuss muscular dystrophy
MONDO:0016830,8767,DOID:11726,Emery-Dreifuss muscular dystrophy
MONDO:0019950,12022,DOID:0050557,Congenital muscular dystrophy
MONDO:0016971,12022,DOID:11724,limb-girdle muscular dystrophy
MONDO:0016971,12022,DOID:11724,limb-girdle muscular dystrophy
MONDO:0016830,12022,DOID:11726,Emery-Dreifuss muscular dystrophy
MONDO:0016830,12022,DOID:11726,Emery-Dreifuss muscular dystrophy
MONDO:0019950,226,DOID:0050557,Congenital muscular dystrophy
MONDO:0016830,138,DOID:11726,Emery-Dreifuss muscular dystrophy
MONDO:0016830,138,DOID:11726,Emery-Dreifuss muscular dystrophy
MONDO:0019950,224,DOID:0050557,Congenital muscular dystrophy
MONDO:0019950,9992,DOID:0050557,Congenital muscular dystrophy
MONDO:0016971,9992,DOID:11724,limb-girdle muscular dystrophy
MONDO:0016971,9992,DOID:11724,limb-girdle muscular dystrophy
MONDO:0019950,19177,DOID:0050557,Congenital muscular dystrophy
MONDO:0016971,19177,DOID:11724,limb-girdle muscular dystrophy
MONDO:0016971,19177,DOID:11724,limb-girdle muscular dystrophy
MONDO:0016971,2724,DOID:11724,limb-girdle muscular dystrophy
MONDO:0016971,8285,DOID:11724,limb-girdle muscular dystrophy
MONDO:0016971,8285,DOID:11724,limb-girdle muscular dystrophy
MONDO:0019950,896,DOID:0050557,Congenital muscular dystrophy
MONDO:0016830,6293,DOID:11726,Emery-Dreifuss muscular dystrophy
MONDO:0016830,6293,DOID:11726,Emery-Dreifuss muscular dystrophy
MONDO:0016971,13034,DOID:11724,limb-girdle muscular dystrophy
MONDO:0016971,13034,DOID:11724,limb-girdle muscular dystrophy
MONDO:0019950,16240,DOID:0050557,Congenital muscular dystrophy
MONDO:0019950,5486,DOID:0050557,Congenital muscular dystrophy
MONDO:0016971,5486,DOID:11724,limb-girdle muscular dystrophy
MONDO:0016971,1138,DOID:11724,limb-girdle muscular dystrophy
MONDO:0016971,1138,DOID:11724,limb-girdle muscular dystrophy
MONDO:0016971,1138,DOID:11724,limb-girdle muscular dystrophy
MONDO:0019950,11193,DOID:0050557,Congenital muscular dystrophy
MONDO:0016971,11193,DOID:11724,limb-girdle muscular dystrophy
MONDO:0016971,11193,DOID:11724,limb-girdle muscular dystrophy
MONDO:0016971,16312,DOID:11724,limb-girdle muscular dystrophy
MONDO:0016971,16312,DOID:11724,limb-girdle muscular dystrophy
MONDO:0019950,17993,DOID:0050557,Congenital muscular dystrophy
MONDO:0016971,9076,DOID:11724,limb-girdle muscular dystrophy
MONDO:0019950,3179,DOID:0050557,Congenital muscular dystrophy
MONDO:0016971,3179,DOID:11724,limb-girdle muscular dystrophy
MONDO:0016971,3179,DOID:11724,limb-girdle muscular dystrophy
MONDO:0019950,7069,DOID:0050557,Congenital muscular dystrophy
MONDO:0001347,1379,DOID:11727,Facioscapulohumeral muscular dystrophy
MONDO:0016971,7626,DOID:11724,limb-girdle muscular dystrophy
MONDO:0016971,7626,DOID:11724,limb-girdle muscular dystrophy
MONDO:0016971,6061,DOID:11724,limb-girdle muscular dystrophy
MONDO:0016971,6061,DOID:11724,limb-girdle muscular dystrophy
MONDO:0010679,2647,DOID:11723,Duchenne muscular dystrophy
MONDO:0010679,2647,DOID:11723,Duchenne muscular dystrophy
MONDO:0010679,2647,DOID:11723,Duchenne muscular dystrophy
MONDO:0010679,2647,DOID:11723,Duchenne muscular dystrophy
