id,ptype,protein_id,nhprotein_id,trait,top_level_term_id,top_level_term_name,term_id,term_name,term_description,p_value,percentage_change,effect_size,procedure_name,parameter_name,gp_assoc,statistical_method,sex
14040,OMIM,138,,"MIM Number: 300384; Phenotype: Emery-Dreifuss muscular dystrophy 1, X-linked, 310300 (3)",,,,,,,,,,,,,
601133,JAX/MGI Human Ortholog Phenotype,138,,,,,MP:0005376,homeostasis/metabolism phenotype,,,,,,,,,
601134,JAX/MGI Human Ortholog Phenotype,138,,,,,MP:0005369,muscle phenotype,,,,,,,,,
601135,JAX/MGI Human Ortholog Phenotype,138,,,,,MP:0005385,cardiovascular system phenotype,,,,,,,,,
601136,JAX/MGI Human Ortholog Phenotype,138,,,,,MP:0005386,behavior/neurological phenotype,,,,,,,,,
13139,OMIM,218,,"MIM Number: 120220; Phenotype: Bethlem myopathy 1, 158810 (3); Ullrich congenital muscular dystrophy 1, 254090 (3)",,,,,,,,,,,,,
596038,JAX/MGI Human Ortholog Phenotype,218,,,,,MP:0005384,cellular phenotype,,,,,,,,,
596039,JAX/MGI Human Ortholog Phenotype,218,,,,,MP:0005369,muscle phenotype,,,,,,,,,
2256,OMIM,219,,"MIM Number: 120250; Phenotype: Bethlem myopathy 1, 158810 (3); Ullrich congenital muscular dystrophy 1, 254090 (3); Dystonia 27, 616411 (3)",,,,,,,,,,,,,
596042,JAX/MGI Human Ortholog Phenotype,219,,,,,MP:0005390,skeleton phenotype,,,,,,,,,
596043,JAX/MGI Human Ortholog Phenotype,219,,,,,MP:0005378,growth/size/body region phenotype,,,,,,,,,
596044,JAX/MGI Human Ortholog Phenotype,219,,,,,MP:0005369,muscle phenotype,,,,,,,,,
596045,JAX/MGI Human Ortholog Phenotype,219,,,,,MP:0005384,cellular phenotype,,,,,,,,,
12965,OMIM,224,,"MIM Number: 603503; Phenotype: Congenital disorder of glycosylation, type Ie, 608799 (3)",,,,,,,,,,,,,
599658,JAX/MGI Human Ortholog Phenotype,224,,,,,MP:0005371,limbs/digits/tail phenotype,,,,,,,,,
599659,JAX/MGI Human Ortholog Phenotype,224,,,,,MP:0005390,skeleton phenotype,,,,,,,,,
599660,JAX/MGI Human Ortholog Phenotype,224,,,,,MP:0005386,behavior/neurological phenotype,,,,,,,,,
599661,JAX/MGI Human Ortholog Phenotype,224,,,,,MP:0010768,mortality/aging,,,,,,,,,
6698,OMIM,225,,"MIM Number: 603564; Phenotype: Congenital disorder of glycosylation, type Iu, 615042 (3)",,,,,,,,,,,,,
599662,JAX/MGI Human Ortholog Phenotype,225,,,,,MP:0005376,homeostasis/metabolism phenotype,,,,,,,,,
599663,JAX/MGI Human Ortholog Phenotype,225,,,,,MP:0010768,mortality/aging,,,,,,,,,
599664,JAX/MGI Human Ortholog Phenotype,225,,,,,MP:0005385,cardiovascular system phenotype,,,,,,,,,
599665,JAX/MGI Human Ortholog Phenotype,225,,,,,MP:0005397,hematopoietic system phenotype,,,,,,,,,
599666,JAX/MGI Human Ortholog Phenotype,225,,,,,MP:0005387,immune system phenotype,,,,,,,,,
753,OMIM,226,,"MIM Number: 605951; Phenotype: Muscular dystrophy-dystroglycanopathy (limb-girdle), type C, 15, 612937 (3)",,,,,,,,,,,,,
599667,JAX/MGI Human Ortholog Phenotype,226,,,,,MP:0005379,endocrine/exocrine gland phenotype,,,,,,,,,
599668,JAX/MGI Human Ortholog Phenotype,226,,,,,MP:0010771,integument phenotype,,,,,,,,,
599669,JAX/MGI Human Ortholog Phenotype,226,,,,,MP:0010768,mortality/aging,,,,,,,,,
599670,JAX/MGI Human Ortholog Phenotype,226,,,,,MP:0005389,reproductive system phenotype,,,,,,,,,
599671,JAX/MGI Human Ortholog Phenotype,226,,,,,MP:0005386,behavior/neurological phenotype,,,,,,,,,
2865,OMIM,512,,"MIM Number: 116955; Phenotype: Myotonic dystrophy 2, 602668 (3)",,,,,,,,,,,,,
595572,JAX/MGI Human Ortholog Phenotype,512,,,,,MP:0005382,craniofacial phenotype,,,,,,,,,
595573,JAX/MGI Human Ortholog Phenotype,512,,,,,MP:0005384,cellular phenotype,,,,,,,,,
595574,JAX/MGI Human Ortholog Phenotype,512,,,,,MP:0010768,mortality/aging,,,,,,,,,
595575,JAX/MGI Human Ortholog Phenotype,512,,,,,MP:0005378,growth/size/body region phenotype,,,,,,,,,
595576,JAX/MGI Human Ortholog Phenotype,512,,,,,MP:0003631,nervous system phenotype,,,,,,,,,
595577,JAX/MGI Human Ortholog Phenotype,512,,,,,MP:0005391,vision/eye phenotype,,,,,,,,,
595578,JAX/MGI Human Ortholog Phenotype,512,,,,,MP:0005390,skeleton phenotype,,,,,,,,,
595579,JAX/MGI Human Ortholog Phenotype,512,,,,,MP:0005380,embryo phenotype,,,,,,,,,
13140,OMIM,686,,"MIM Number: 120240; Phenotype: Bethlem myopathy 1, 158810 (3); Ullrich congenital muscular dystrophy 1, 254090 (3); ?Myosclerosis, congenital, 255600 (3)",,,,,,,,,,,,,
596040,JAX/MGI Human Ortholog Phenotype,686,,,,,MP:0005378,growth/size/body region phenotype,,,,,,,,,
596041,JAX/MGI Human Ortholog Phenotype,686,,,,,MP:0005386,behavior/neurological phenotype,,,,,,,,,
1691,OMIM,1138,,"MIM Number: 603009; Phenotype: Muscular dystrophy, limb-girdle, autosomal recessive 2, 253601 (3); Myopathy, distal, with anterior tibial onset, 606768 (3); Miyoshi muscular dystrophy 1, 254130 (3)",,,,,,,,,,,,,
600160,JAX/MGI Human Ortholog Phenotype,1138,,,,,MP:0005369,muscle phenotype,,,,,,,,,
600161,JAX/MGI Human Ortholog Phenotype,1138,,,,,MP:0005387,immune system phenotype,,,,,,,,,
600162,JAX/MGI Human Ortholog Phenotype,1138,,,,,MP:0005376,homeostasis/metabolism phenotype,,,,,,,,,
600163,JAX/MGI Human Ortholog Phenotype,1138,,,,,MP:0005384,cellular phenotype,,,,,,,,,
600164,JAX/MGI Human Ortholog Phenotype,1138,,,,,MP:0005386,behavior/neurological phenotype,,,,,,,,,
12380,OMIM,1273,,"MIM Number: 605377; Phenotype: Myotonic dystrophy 1, 160900 (3)",,,,,,,,,,,,,
599088,JAX/MGI Human Ortholog Phenotype,1273,,,,,MP:0005376,homeostasis/metabolism phenotype,,,,,,,,,
599089,JAX/MGI Human Ortholog Phenotype,1273,,,,,MP:0005369,muscle phenotype,,,,,,,,,
599090,JAX/MGI Human Ortholog Phenotype,1273,,,,,MP:0005385,cardiovascular system phenotype,,,,,,,,,
3628,OMIM,1379,,MIM Number: 606009,,,,,,,,,,,,,
5777,OMIM,1881,,"MIM Number: 611332; Phenotype: Muscular dystrophy, limb-girdle, autosomal dominant 1, 603511 (3)",,,,,,,,,,,,,
599255,JAX/MGI Human Ortholog Phenotype,1881,,,,,MP:0005380,embryo phenotype,,,,,,,,,
599256,JAX/MGI Human Ortholog Phenotype,1881,,,,,MP:0010768,mortality/aging,,,,,,,,,
599257,JAX/MGI Human Ortholog Phenotype,1881,,,,,MP:0005378,growth/size/body region phenotype,,,,,,,,,
13627,OMIM,2647,,"MIM Number: 300377; Phenotype: Duchenne muscular dystrophy, 310200 (3); Becker muscular dystrophy, 300376 (3); Cardiomyopathy, dilated, 3B, 302045 (3)",,,,,,,,,,,,,
599059,JAX/MGI Human Ortholog Phenotype,2647,,,,,MP:0005375,adipose tissue phenotype,,,,,,,,,
599060,JAX/MGI Human Ortholog Phenotype,2647,,,,,MP:0005379,endocrine/exocrine gland phenotype,,,,,,,,,
599061,JAX/MGI Human Ortholog Phenotype,2647,,,,,MP:0005378,growth/size/body region phenotype,,,,,,,,,
599062,JAX/MGI Human Ortholog Phenotype,2647,,,,,MP:0005376,homeostasis/metabolism phenotype,,,,,,,,,
599063,JAX/MGI Human Ortholog Phenotype,2647,,,,,MP:0005384,cellular phenotype,,,,,,,,,
599064,JAX/MGI Human Ortholog Phenotype,2647,,,,,MP:0005391,vision/eye phenotype,,,,,,,,,
599065,JAX/MGI Human Ortholog Phenotype,2647,,,,,MP:0005369,muscle phenotype,,,,,,,,,
599066,JAX/MGI Human Ortholog Phenotype,2647,,,,,MP:0005381,digestive/alimentary phenotype,,,,,,,,,
599067,JAX/MGI Human Ortholog Phenotype,2647,,,,,MP:0003631,nervous system phenotype,,,,,,,,,
599068,JAX/MGI Human Ortholog Phenotype,2647,,,,,MP:0005377,hearing/vestibular/ear phenotype,,,,,,,,,
599069,JAX/MGI Human Ortholog Phenotype,2647,,,,,MP:0005385,cardiovascular system phenotype,,,,,,,,,
599070,JAX/MGI Human Ortholog Phenotype,2647,,,,,MP:0010768,mortality/aging,,,,,,,,,
599071,JAX/MGI Human Ortholog Phenotype,2647,,,,,MP:0005389,reproductive system phenotype,,,,,,,,,
599072,JAX/MGI Human Ortholog Phenotype,2647,,,,,MP:0005386,behavior/neurological phenotype,,,,,,,,,
599073,JAX/MGI Human Ortholog Phenotype,2647,,,,,MP:0005390,skeleton phenotype,,,,,,,,,
599074,JAX/MGI Human Ortholog Phenotype,2647,,,,,MP:0005387,immune system phenotype,,,,,,,,,
2184,OMIM,2724,,"MIM Number: 125660; Phenotype: Myopathy, myofibrillar, 1, 601419 (3); Cardiomyopathy, dilated, 1I, 604765 (3); Scapuloperoneal syndrome, neurogenic, Kaeser type, 181400 (3)",,,,,,,,,,,,,
598526,JAX/MGI Human Ortholog Phenotype,2724,,,,,MP:0005385,cardiovascular system phenotype,,,,,,,,,
598527,JAX/MGI Human Ortholog Phenotype,2724,,,,,MP:0010768,mortality/aging,,,,,,,,,
598528,JAX/MGI Human Ortholog Phenotype,2724,,,,,MP:0005386,behavior/neurological phenotype,,,,,,,,,
598529,JAX/MGI Human Ortholog Phenotype,2724,,,,,MP:0005369,muscle phenotype,,,,,,,,,
598530,JAX/MGI Human Ortholog Phenotype,2724,,,,,MP:0005376,homeostasis/metabolism phenotype,,,,,,,,,
598531,JAX/MGI Human Ortholog Phenotype,2724,,,,,MP:0005384,cellular phenotype,,,,,,,,,
2619,OMIM,3179,,"MIM Number: 128239; Phenotype: Muscular dystrophy-dystroglycanopathy (limb-girdle), type C, 9, 613818 (3); Muscular dystrophy-dystroglycanopathy (congenital with brain and eye anomalies), type A, 9, 616538 (3)",,,,,,,,,,,,,
597966,JAX/MGI Human Ortholog Phenotype,3179,,,,,MP:0003631,nervous system phenotype,,,,,,,,,
597967,JAX/MGI Human Ortholog Phenotype,3179,,,,,MP:0005391,vision/eye phenotype,,,,,,,,,
597968,JAX/MGI Human Ortholog Phenotype,3179,,,,,MP:0005380,embryo phenotype,,,,,,,,,
597969,JAX/MGI Human Ortholog Phenotype,3179,,,,,MP:0005386,behavior/neurological phenotype,,,,,,,,,
597970,JAX/MGI Human Ortholog Phenotype,3179,,,,,MP:0005385,cardiovascular system phenotype,,,,,,,,,
597971,JAX/MGI Human Ortholog Phenotype,3179,,,,,MP:0005378,growth/size/body region phenotype,,,,,,,,,
597972,JAX/MGI Human Ortholog Phenotype,3179,,,,,MP:0010768,mortality/aging,,,,,,,,,
597973,JAX/MGI Human Ortholog Phenotype,3179,,,,,MP:0005369,muscle phenotype,,,,,,,,,
597974,JAX/MGI Human Ortholog Phenotype,3179,,,,,MP:0005376,homeostasis/metabolism phenotype,,,,,,,,,
597975,JAX/MGI Human Ortholog Phenotype,3179,,,,,MP:0005384,cellular phenotype,,,,,,,,,
6158,OMIM,3705,,"MIM Number: 601282; Phenotype: Epidermolysis bullosa simplex with muscular dystrophy, 226670 (3); Epidermolysis bullosa simplex, Ogna type, 131950 (3); Epidermolysis bullosa simplex with pyloric atresia, 612138 (3); Muscular dystrophy, limb-girdle, autosomal recessive 17, 613723 (3); ?Epidermolysis bullosa simplex with nail dystrophy, 616487 (3)",,,,,,,,,,,,,
624871,JAX/MGI Human Ortholog Phenotype,3705,,,,,MP:0010771,integument phenotype,,,,,,,,,
624872,JAX/MGI Human Ortholog Phenotype,3705,,,,,MP:0005378,growth/size/body region phenotype,,,,,,,,,
624873,JAX/MGI Human Ortholog Phenotype,3705,,,,,MP:0005384,cellular phenotype,,,,,,,,,
624874,JAX/MGI Human Ortholog Phenotype,3705,,,,,MP:0005376,homeostasis/metabolism phenotype,,,,,,,,,
624875,JAX/MGI Human Ortholog Phenotype,3705,,,,,MP:0003631,nervous system phenotype,,,,,,,,,
624876,JAX/MGI Human Ortholog Phenotype,3705,,,,,MP:0005369,muscle phenotype,,,,,,,,,
624877,JAX/MGI Human Ortholog Phenotype,3705,,,,,MP:0010768,mortality/aging,,,,,,,,,
624878,JAX/MGI Human Ortholog Phenotype,3705,,,,,MP:0005385,cardiovascular system phenotype,,,,,,,,,
624879,JAX/MGI Human Ortholog Phenotype,3705,,,,,MP:0005397,hematopoietic system phenotype,,,,,,,,,
624880,JAX/MGI Human Ortholog Phenotype,3705,,,,,MP:0005386,behavior/neurological phenotype,,,,,,,,,
624881,JAX/MGI Human Ortholog Phenotype,3705,,,,,MP:0005387,immune system phenotype,,,,,,,,,
8649,OMIM,4155,,"MIM Number: 605862; Phenotype: Muscular dystrophy-dystroglycanopathy (congenital with brain and eye anomalies), type A, 10, 615041 (3)",,,,,,,,,,,,,
630533,JAX/MGI Human Ortholog Phenotype,4155,,,,,MP:0010768,mortality/aging,,,,,,,,,
630534,JAX/MGI Human Ortholog Phenotype,4155,,,,,MP:0005386,behavior/neurological phenotype,,,,,,,,,
11507,OMIM,4308,,"MIM Number: 614982; Phenotype: Fascioscapulohumeral muscular dystrophy 2, digenic, 158901 (3); Bosma arhinia microphthalmia syndrome, 603457 (3)",,,,,,,,,,,,,
634154,JAX/MGI Human Ortholog Phenotype,4308,,,,,MP:0005380,embryo phenotype,,,,,,,,,
634155,JAX/MGI Human Ortholog Phenotype,4308,,,,,MP:0010768,mortality/aging,,,,,,,,,
634156,JAX/MGI Human Ortholog Phenotype,4308,,,,,MP:0005389,reproductive system phenotype,,,,,,,,,
634157,JAX/MGI Human Ortholog Phenotype,4308,,,,,MP:0005384,cellular phenotype,,,,,,,,,
5193,OMIM,5486,,"MIM Number: 614631; Phenotype: Muscular dystrophy-dystroglycanopathy (congenital with brain and eye anomalies), type A, 7, 614643 (3); Muscular dystrophy-dystroglycanopathy (limb-girdle), type C, 7, 616052 (3)",,,,,,,,,,,,,
596742,JAX/MGI Human Ortholog Phenotype,5486,,,,,MP:0003631,nervous system phenotype,,,,,,,,,
596743,JAX/MGI Human Ortholog Phenotype,5486,,,,,MP:0010768,mortality/aging,,,,,,,,,
596744,JAX/MGI Human Ortholog Phenotype,5486,,,,,MP:0005388,respiratory system phenotype,,,,,,,,,
596745,JAX/MGI Human Ortholog Phenotype,5486,,,,,MP:0005384,cellular phenotype,,,,,,,,,
6529,OMIM,5926,,"MIM Number: 607440; Phenotype: Muscular dystrophy-dystroglycanopathy (congenital with brain and eye anomalies), type A, 4, 253800 (3); Muscular dystrophy-dystroglycanopathy (congenital without mental retardation), type B, 4, 613152 (3); Cardiomyopathy, dilated, 1X, 611615 (3); Muscular dystrophy-dystroglycanopathy (limb-girdle), type C, 4, 611588 (3)",,,,,,,,,,,,,
603617,JAX/MGI Human Ortholog Phenotype,5926,,,,,MP:0005386,behavior/neurological phenotype,,,,,,,,,
603618,JAX/MGI Human Ortholog Phenotype,5926,,,,,MP:0005380,embryo phenotype,,,,,,,,,
603619,JAX/MGI Human Ortholog Phenotype,5926,,,,,MP:0010768,mortality/aging,,,,,,,,,
603620,JAX/MGI Human Ortholog Phenotype,5926,,,,,MP:0005376,homeostasis/metabolism phenotype,,,,,,,,,
603621,JAX/MGI Human Ortholog Phenotype,5926,,,,,MP:0005384,cellular phenotype,,,,,,,,,
603622,JAX/MGI Human Ortholog Phenotype,5926,,,,,MP:0005378,growth/size/body region phenotype,,,,,,,,,
603623,JAX/MGI Human Ortholog Phenotype,5926,,,,,MP:0005369,muscle phenotype,,,,,,,,,
6454,OMIM,6293,,"MIM Number: 267700; Phenotype: Hemophagocytic lymphohistiocytosis, familial, 1 (2)",,,,,,,,,,,,,
14022,OMIM,6293,,"MIM Number: 300163; Phenotype: Scapuloperoneal myopathy, X-linked dominant, 300695 (3); Myopathy, X-linked, with postural muscle atrophy, 300696 (3); Reducing body myopathy, X-linked 1a, severe, infantile or early childhood onset, 300717 (3); Reducing body myopathy, X-linked 1b, with late childhood or adult onset, 300718 (3); Emery-Dreifuss muscular dystrophy 6, X-linked, 300696 (3); ?Uruguay faciocardiomusculoskeletal syndrome, 300280 (3)",,,,,,,,,,,,,
603479,JAX/MGI Human Ortholog Phenotype,6293,,,,,MP:0005386,behavior/neurological phenotype,,,,,,,,,
603480,JAX/MGI Human Ortholog Phenotype,6293,,,,,MP:0005385,cardiovascular system phenotype,,,,,,,,,
603481,JAX/MGI Human Ortholog Phenotype,6293,,,,,MP:0005376,homeostasis/metabolism phenotype,,,,,,,,,
603482,JAX/MGI Human Ortholog Phenotype,6293,,,,,MP:0005378,growth/size/body region phenotype,,,,,,,,,
603483,JAX/MGI Human Ortholog Phenotype,6293,,,,,MP:0005369,muscle phenotype,,,,,,,,,
12415,OMIM,6625,,"MIM Number: 606596; Phenotype: Muscular dystrophy-dystroglycanopathy (congenital with brain and eye anomalies), type A, 5, 613153 (3); Muscular dystrophy-dystroglycanopathy (congenital with or without mental retardation), type B, 5, 606612 (3); Muscular dystrophy-dystroglycanopathy (limb-girdle), type C, 5, 607155 (3)",,,,,,,,,,,,,
603605,JAX/MGI Human Ortholog Phenotype,6625,,,,,MP:0005378,growth/size/body region phenotype,,,,,,,,,
603606,JAX/MGI Human Ortholog Phenotype,6625,,,,,MP:0005369,muscle phenotype,,,,,,,,,
603607,JAX/MGI Human Ortholog Phenotype,6625,,,,,MP:0005382,craniofacial phenotype,,,,,,,,,
603608,JAX/MGI Human Ortholog Phenotype,6625,,,,,MP:0005376,homeostasis/metabolism phenotype,,,,,,,,,
603609,JAX/MGI Human Ortholog Phenotype,6625,,,,,MP:0005384,cellular phenotype,,,,,,,,,
603610,JAX/MGI Human Ortholog Phenotype,6625,,,,,MP:0005390,skeleton phenotype,,,,,,,,,
603611,JAX/MGI Human Ortholog Phenotype,6625,,,,,MP:0005386,behavior/neurological phenotype,,,,,,,,,
603612,JAX/MGI Human Ortholog Phenotype,6625,,,,,MP:0005385,cardiovascular system phenotype,,,,,,,,,
603613,JAX/MGI Human Ortholog Phenotype,6625,,,,,MP:0010768,mortality/aging,,,,,,,,,
603614,JAX/MGI Human Ortholog Phenotype,6625,,,,,MP:0003631,nervous system phenotype,,,,,,,,,
603615,JAX/MGI Human Ortholog Phenotype,6625,,,,,MP:0005391,vision/eye phenotype,,,,,,,,,
603616,JAX/MGI Human Ortholog Phenotype,6625,,,,,MP:0005387,immune system phenotype,,,,,,,,,
8478,OMIM,7069,,"MIM Number: 600536; Phenotype: Muscular dystrophy, congenital, due to ITGA7 deficiency, 613204 (3)",,,,,,,,,,,,,
611597,JAX/MGI Human Ortholog Phenotype,7069,,,,,MP:0005384,cellular phenotype,,,,,,,,,
611598,JAX/MGI Human Ortholog Phenotype,7069,,,,,MP:0005376,homeostasis/metabolism phenotype,,,,,,,,,
611599,JAX/MGI Human Ortholog Phenotype,7069,,,,,MP:0005369,muscle phenotype,,,,,,,,,
611600,JAX/MGI Human Ortholog Phenotype,7069,,,,,MP:0010768,mortality/aging,,,,,,,,,
611601,JAX/MGI Human Ortholog Phenotype,7069,,,,,MP:0005385,cardiovascular system phenotype,,,,,,,,,
611602,JAX/MGI Human Ortholog Phenotype,7069,,,,,MP:0005390,skeleton phenotype,,,,,,,,,
611603,JAX/MGI Human Ortholog Phenotype,7069,,,,,MP:0003631,nervous system phenotype,,,,,,,,,
2016,OMIM,7626,,"MIM Number: 188840; Phenotype: Cardiomyopathy, familial hypertrophic, 9, 613765 (3); Cardiomyopathy, dilated, 1G, 604145 (3); Tibial muscular dystrophy, tardive, 600334 (3); Muscular dystrophy, limb-girdle, autosomal recessive 10, 608807 (3); Myopathy, proximal, with early respiratory muscle involvement, 603689 (3); Salih myopathy, 611705 (3)",,,,,,,,,,,,,
640314,JAX/MGI Human Ortholog Phenotype,7626,,,,,MP:0005378,growth/size/body region phenotype,,,,,,,,,
640315,JAX/MGI Human Ortholog Phenotype,7626,,,,,MP:0005369,muscle phenotype,,,,,,,,,
640316,JAX/MGI Human Ortholog Phenotype,7626,,,,,MP:0005382,craniofacial phenotype,,,,,,,,,
640317,JAX/MGI Human Ortholog Phenotype,7626,,,,,MP:0005384,cellular phenotype,,,,,,,,,
640318,JAX/MGI Human Ortholog Phenotype,7626,,,,,MP:0005387,immune system phenotype,,,,,,,,,
640319,JAX/MGI Human Ortholog Phenotype,7626,,,,,MP:0005376,homeostasis/metabolism phenotype,,,,,,,,,
640320,JAX/MGI Human Ortholog Phenotype,7626,,,,,MP:0005390,skeleton phenotype,,,,,,,,,
640321,JAX/MGI Human Ortholog Phenotype,7626,,,,,MP:0005380,embryo phenotype,,,,,,,,,
640322,JAX/MGI Human Ortholog Phenotype,7626,,,,,MP:0005386,behavior/neurological phenotype,,,,,,,,,
640323,JAX/MGI Human Ortholog Phenotype,7626,,,,,MP:0010768,mortality/aging,,,,,,,,,
640324,JAX/MGI Human Ortholog Phenotype,7626,,,,,MP:0005385,cardiovascular system phenotype,,,,,,,,,
640325,JAX/MGI Human Ortholog Phenotype,7626,,,,,MP:0005391,vision/eye phenotype,,,,,,,,,
3289,OMIM,8285,,"MIM Number: 600900; Phenotype: Muscular dystrophy, limb-girdle, autosomal recessive 4, 604286 (3)",,,,,,,,,,,,,
631882,JAX/MGI Human Ortholog Phenotype,8285,,,,,MP:0005378,growth/size/body region phenotype,,,,,,,,,
631883,JAX/MGI Human Ortholog Phenotype,8285,,,,,MP:0005384,cellular phenotype,,,,,,,,,
631884,JAX/MGI Human Ortholog Phenotype,8285,,,,,MP:0005369,muscle phenotype,,,,,,,,,
631885,JAX/MGI Human Ortholog Phenotype,8285,,,,,MP:0005385,cardiovascular system phenotype,,,,,,,,,
631886,JAX/MGI Human Ortholog Phenotype,8285,,,,,MP:0005387,immune system phenotype,,,,,,,,,
8973,OMIM,8290,,"MIM Number: 608896; Phenotype: Muscular dystrophy, limb-girdle, autosomal recessive 5, 253700 (3)",,,,,,,,,,,,,
631897,JAX/MGI Human Ortholog Phenotype,8290,,,,,MP:0005378,growth/size/body region phenotype,,,,,,,,,
631898,JAX/MGI Human Ortholog Phenotype,8290,,,,,MP:0005384,cellular phenotype,,,,,,,,,
631899,JAX/MGI Human Ortholog Phenotype,8290,,,,,MP:0005376,homeostasis/metabolism phenotype,,,,,,,,,
631900,JAX/MGI Human Ortholog Phenotype,8290,,,,,MP:0005369,muscle phenotype,,,,,,,,,
631901,JAX/MGI Human Ortholog Phenotype,8290,,,,,MP:0010768,mortality/aging,,,,,,,,,
631902,JAX/MGI Human Ortholog Phenotype,8290,,,,,MP:0005385,cardiovascular system phenotype,,,,,,,,,
631903,JAX/MGI Human Ortholog Phenotype,8290,,,,,MP:0005386,behavior/neurological phenotype,,,,,,,,,
255,OMIM,8327,,"MIM Number: 606210; Phenotype: Muscular dystrophy, rigid spine, 1, 602771 (3); Myopathy, congenital, with fiber-type disproportion, 255310 (3)",,,,,,,,,,,,,
631368,JAX/MGI Human Ortholog Phenotype,8327,,,,,MP:0005378,growth/size/body region phenotype,,,,,,,,,
631369,JAX/MGI Human Ortholog Phenotype,8327,,,,,MP:0005376,homeostasis/metabolism phenotype,,,,,,,,,
631370,JAX/MGI Human Ortholog Phenotype,8327,,,,,MP:0005384,cellular phenotype,,,,,,,,,
631371,JAX/MGI Human Ortholog Phenotype,8327,,,,,MP:0005369,muscle phenotype,,,,,,,,,
631372,JAX/MGI Human Ortholog Phenotype,8327,,,,,MP:0005388,respiratory system phenotype,,,,,,,,,
631373,JAX/MGI Human Ortholog Phenotype,8327,,,,,MP:0005386,behavior/neurological phenotype,,,,,,,,,
631374,JAX/MGI Human Ortholog Phenotype,8327,,,,,MP:0005390,skeleton phenotype,,,,,,,,,
9396,OMIM,8639,,"MIM Number: 608442; Phenotype: Emery-Dreifuss muscular dystrophy 5, autosomal dominant, 612999 (3)",,,,,,,,,,,,,
636423,JAX/MGI Human Ortholog Phenotype,8639,,,,,MP:0005384,cellular phenotype,,,,,,,,,
636424,JAX/MGI Human Ortholog Phenotype,8639,,,,,MP:0010771,integument phenotype,,,,,,,,,
636425,JAX/MGI Human Ortholog Phenotype,8639,,,,,MP:0003631,nervous system phenotype,,,,,,,,,
636426,JAX/MGI Human Ortholog Phenotype,8639,,,,,MP:0005391,vision/eye phenotype,,,,,,,,,
5058,OMIM,8767,,"MIM Number: 608441; Phenotype: Spinocerebellar ataxia, autosomal recessive 8, 610743 (3); Emery-Dreifuss muscular dystrophy 4, autosomal dominant, 612998 (3)",,,,,,,,,,,,,
636411,JAX/MGI Human Ortholog Phenotype,8767,,,,,MP:0005387,immune system phenotype,,,,,,,,,
636412,JAX/MGI Human Ortholog Phenotype,8767,,,,,MP:0005390,skeleton phenotype,,,,,,,,,
636413,JAX/MGI Human Ortholog Phenotype,8767,,,,,MP:0003631,nervous system phenotype,,,,,,,,,
636414,JAX/MGI Human Ortholog Phenotype,8767,,,,,MP:0005391,vision/eye phenotype,,,,,,,,,
636415,JAX/MGI Human Ortholog Phenotype,8767,,,,,MP:0010768,mortality/aging,,,,,,,,,
636416,JAX/MGI Human Ortholog Phenotype,8767,,,,,MP:0005385,cardiovascular system phenotype,,,,,,,,,
636417,JAX/MGI Human Ortholog Phenotype,8767,,,,,MP:0005388,respiratory system phenotype,,,,,,,,,
636418,JAX/MGI Human Ortholog Phenotype,8767,,,,,MP:0005386,behavior/neurological phenotype,,,,,,,,,
636419,JAX/MGI Human Ortholog Phenotype,8767,,,,,MP:0005384,cellular phenotype,,,,,,,,,
636420,JAX/MGI Human Ortholog Phenotype,8767,,,,,MP:0005376,homeostasis/metabolism phenotype,,,,,,,,,
636421,JAX/MGI Human Ortholog Phenotype,8767,,,,,MP:0005369,muscle phenotype,,,,,,,,,
636422,JAX/MGI Human Ortholog Phenotype,8767,,,,,MP:0005378,growth/size/body region phenotype,,,,,,,,,
639215,JAX/MGI Human Ortholog Phenotype,9076,,,,,MP:0010768,mortality/aging,,,,,,,,,
639216,JAX/MGI Human Ortholog Phenotype,9076,,,,,MP:0005384,cellular phenotype,,,,,,,,,
3650,OMIM,9123,,"MIM Number: 614138; Phenotype: Muscular dystrophy, limb-girdle, autosomal recessive 18, 615356 (3)",,,,,,,,,,,,,
11013,OMIM,9140,,"MIM Number: 604488; Phenotype: Muscular dystrophy, limb-girdle, autosomal recessive 7, 601954 (3); Cardiomyopathy, hypertrophic, 25, 607487 (3)",,,,,,,,,,,,,
637015,JAX/MGI Human Ortholog Phenotype,9140,,,,,MP:0005386,behavior/neurological phenotype,,,,,,,,,
637016,JAX/MGI Human Ortholog Phenotype,9140,,,,,MP:0005385,cardiovascular system phenotype,,,,,,,,,
637017,JAX/MGI Human Ortholog Phenotype,9140,,,,,MP:0005369,muscle phenotype,,,,,,,,,
637018,JAX/MGI Human Ortholog Phenotype,9140,,,,,MP:0005384,cellular phenotype,,,,,,,,,
637019,JAX/MGI Human Ortholog Phenotype,9140,,,,,MP:0005376,homeostasis/metabolism phenotype,,,,,,,,,
5657,OMIM,9245,,"MIM Number: 610032; Phenotype: Muscular dystrophy, limb-girdle, autosomal dominant 2, 608423 (3)",,,,,,,,,,,,,
639097,JAX/MGI Human Ortholog Phenotype,9245,,,,,MP:0010768,mortality/aging,,,,,,,,,
4180,OMIM,9488,,"MIM Number: 601411; Phenotype: Muscular dystrophy, limb-girdle, autosomal recessive 6, 601287 (3); Cardiomyopathy, dilated, 1L, 606685 (3)",,,,,,,,,,,,,
631887,JAX/MGI Human Ortholog Phenotype,9488,,,,,MP:0005386,behavior/neurological phenotype,,,,,,,,,
631888,JAX/MGI Human Ortholog Phenotype,9488,,,,,MP:0010768,mortality/aging,,,,,,,,,
631889,JAX/MGI Human Ortholog Phenotype,9488,,,,,MP:0005385,cardiovascular system phenotype,,,,,,,,,
631890,JAX/MGI Human Ortholog Phenotype,9488,,,,,MP:0005369,muscle phenotype,,,,,,,,,
631891,JAX/MGI Human Ortholog Phenotype,9488,,,,,MP:0005384,cellular phenotype,,,,,,,,,
631892,JAX/MGI Human Ortholog Phenotype,9488,,,,,MP:0005376,homeostasis/metabolism phenotype,,,,,,,,,
11055,OMIM,9491,,"MIM Number: 600119; Phenotype: Muscular dystrophy, limb-girdle, autosomal recessive 3, 608099 (3)",,,,,,,,,,,,,
631877,JAX/MGI Human Ortholog Phenotype,9491,,,,,MP:0005384,cellular phenotype,,,,,,,,,
631878,JAX/MGI Human Ortholog Phenotype,9491,,,,,MP:0005376,homeostasis/metabolism phenotype,,,,,,,,,
631879,JAX/MGI Human Ortholog Phenotype,9491,,,,,MP:0005369,muscle phenotype,,,,,,,,,
631880,JAX/MGI Human Ortholog Phenotype,9491,,,,,MP:0005387,immune system phenotype,,,,,,,,,
631881,JAX/MGI Human Ortholog Phenotype,9491,,,,,MP:0005385,cardiovascular system phenotype,,,,,,,,,
9496,OMIM,9963,,"MIM Number: 607439; Phenotype: Muscular dystrophy-dystroglycanopathy (congenital with brain and eye anomalies), type A, 2, 613150 (3); Muscular dystrophy-dystroglycanopathy (congenital with mental retardation), type B, 2, 613156 (3); Muscular dystrophy-dystroglycanopathy (limb-girdle), type C, 2, 613158 (3)",,,,,,,,,,,,,
625553,JAX/MGI Human Ortholog Phenotype,9963,,,,,MP:0005384,cellular phenotype,,,,,,,,,
625554,JAX/MGI Human Ortholog Phenotype,9963,,,,,MP:0005378,growth/size/body region phenotype,,,,,,,,,
625555,JAX/MGI Human Ortholog Phenotype,9963,,,,,MP:0003631,nervous system phenotype,,,,,,,,,
625556,JAX/MGI Human Ortholog Phenotype,9963,,,,,MP:0010768,mortality/aging,,,,,,,,,
625557,JAX/MGI Human Ortholog Phenotype,9963,,,,,MP:0005380,embryo phenotype,,,,,,,,,
415,OMIM,9992,,"MIM Number: 606822; Phenotype: Muscular dystrophy-dystroglycanopathy (congenital with brain and eye anomalies), type A, 3, 253280 (3); Muscular dystrophy-dystroglycanopathy (congenital with mental retardation), type B, 3, 613151 (3); Muscular dystrophy-dystroglycanopathy (limb-girdle), type C, 3, 613157 (3); Retinitis pigmentosa 76, 617123 (3)",,,,,,,,,,,,,
625520,JAX/MGI Human Ortholog Phenotype,9992,,,,,MP:0010768,mortality/aging,,,,,,,,,
625521,JAX/MGI Human Ortholog Phenotype,9992,,,,,MP:0005389,reproductive system phenotype,,,,,,,,,
625522,JAX/MGI Human Ortholog Phenotype,9992,,,,,MP:0005385,cardiovascular system phenotype,,,,,,,,,
625523,JAX/MGI Human Ortholog Phenotype,9992,,,,,MP:0005386,behavior/neurological phenotype,,,,,,,,,
625524,JAX/MGI Human Ortholog Phenotype,9992,,,,,MP:0005391,vision/eye phenotype,,,,,,,,,
625525,JAX/MGI Human Ortholog Phenotype,9992,,,,,MP:0005382,craniofacial phenotype,,,,,,,,,
625526,JAX/MGI Human Ortholog Phenotype,9992,,,,,MP:0003631,nervous system phenotype,,,,,,,,,
625527,JAX/MGI Human Ortholog Phenotype,9992,,,,,MP:0005369,muscle phenotype,,,,,,,,,
625528,JAX/MGI Human Ortholog Phenotype,9992,,,,,MP:0005381,digestive/alimentary phenotype,,,,,,,,,
625529,JAX/MGI Human Ortholog Phenotype,9992,,,,,MP:0005378,growth/size/body region phenotype,,,,,,,,,
625530,JAX/MGI Human Ortholog Phenotype,9992,,,,,MP:0005384,cellular phenotype,,,,,,,,,
625531,JAX/MGI Human Ortholog Phenotype,9992,,,,,MP:0005376,homeostasis/metabolism phenotype,,,,,,,,,
2800,OMIM,10554,,"MIM Number: 615618; Phenotype: Dowling-Degos disease 4, 615696 (3); ?Muscular dystrophy, limb-girdle, autosomal recessive 21, 617232 (3)",,,,,,,,,,,,,
625352,JAX/MGI Human Ortholog Phenotype,10554,,,,,MP:0005378,growth/size/body region phenotype,,,,,,,,,
625353,JAX/MGI Human Ortholog Phenotype,10554,,,,,MP:0005380,embryo phenotype,,,,,,,,,
625354,JAX/MGI Human Ortholog Phenotype,10554,,,,,MP:0005385,cardiovascular system phenotype,,,,,,,,,
625355,JAX/MGI Human Ortholog Phenotype,10554,,,,,MP:0010768,mortality/aging,,,,,,,,,
625356,JAX/MGI Human Ortholog Phenotype,10554,,,,,MP:0003631,nervous system phenotype,,,,,,,,,
9577,OMIM,10714,,MIM Number: 613851,,,,,,,,,,,,,
626340,JAX/MGI Human Ortholog Phenotype,10714,,,,,MP:0005376,homeostasis/metabolism phenotype,,,,,,,,,
4965,OMIM,11193,,"MIM Number: 156225; Phenotype: Muscular dystrophy, limb-girdle, autosomal recessive 23, 618138 (3); Muscular dystrophy, congenital, merosin deficient or partially deficient, 607855 (3)",,,,,,,,,,,,,
613651,JAX/MGI Human Ortholog Phenotype,11193,,,,,MP:0005377,hearing/vestibular/ear phenotype,,,,,,,,,
613652,JAX/MGI Human Ortholog Phenotype,11193,,,,,MP:0003631,nervous system phenotype,,,,,,,,,
613653,JAX/MGI Human Ortholog Phenotype,11193,,,,,MP:0005387,immune system phenotype,,,,,,,,,
613654,JAX/MGI Human Ortholog Phenotype,11193,,,,,MP:0005390,skeleton phenotype,,,,,,,,,
613655,JAX/MGI Human Ortholog Phenotype,11193,,,,,MP:0005386,behavior/neurological phenotype,,,,,,,,,
613656,JAX/MGI Human Ortholog Phenotype,11193,,,,,MP:0005388,respiratory system phenotype,,,,,,,,,
613657,JAX/MGI Human Ortholog Phenotype,11193,,,,,MP:0005397,hematopoietic system phenotype,,,,,,,,,
613658,JAX/MGI Human Ortholog Phenotype,11193,,,,,MP:0010768,mortality/aging,,,,,,,,,
613659,JAX/MGI Human Ortholog Phenotype,11193,,,,,MP:0005389,reproductive system phenotype,,,,,,,,,
613660,JAX/MGI Human Ortholog Phenotype,11193,,,,,MP:0005379,endocrine/exocrine gland phenotype,,,,,,,,,
613661,JAX/MGI Human Ortholog Phenotype,11193,,,,,MP:0005369,muscle phenotype,,,,,,,,,
613662,JAX/MGI Human Ortholog Phenotype,11193,,,,,MP:0005382,craniofacial phenotype,,,,,,,,,
613663,JAX/MGI Human Ortholog Phenotype,11193,,,,,MP:0005376,homeostasis/metabolism phenotype,,,,,,,,,
613664,JAX/MGI Human Ortholog Phenotype,11193,,,,,MP:0005384,cellular phenotype,,,,,,,,,
613665,JAX/MGI Human Ortholog Phenotype,11193,,,,,MP:0005378,growth/size/body region phenotype,,,,,,,,,
614450,JAX/MGI Human Ortholog Phenotype,11901,,,,,MP:0005385,cardiovascular system phenotype,,,,,,,,,
614451,JAX/MGI Human Ortholog Phenotype,11901,,,,,MP:0005376,homeostasis/metabolism phenotype,,,,,,,,,
614452,JAX/MGI Human Ortholog Phenotype,11901,,,,,MP:0005369,muscle phenotype,,,,,,,,,
917,OMIM,12022,,"MIM Number: 150330; Phenotype: Emery-Dreifuss muscular dystrophy 2, autosomal dominant, 181350 (3); Cardiomyopathy, dilated, 1A, 115200 (3); Lipodystrophy, familial partial, type 2, 151660 (3); Emery-Dreifuss muscular dystrophy 3, autosomal recessive, 616516 (3); Charcot-Marie-Tooth disease, type 2B1, 605588 (3); Muscular dystrophy, congenital, 613205 (3); Mandibuloacral dysplasia, 248370 (3); Hutchinson-Gilford progeria, 176670 (3); Restrictive dermopathy, lethal, 275210 (3); Heart-hand syndrome, Slovenian type, 610140 (3); Malouf syndrome, 212112 (3)",,,,,,,,,,,,,
614580,JAX/MGI Human Ortholog Phenotype,12022,,,,,MP:0005369,muscle phenotype,,,,,,,,,
614581,JAX/MGI Human Ortholog Phenotype,12022,,,,,MP:0005382,craniofacial phenotype,,,,,,,,,
614582,JAX/MGI Human Ortholog Phenotype,12022,,,,,MP:0005384,cellular phenotype,,,,,,,,,
614583,JAX/MGI Human Ortholog Phenotype,12022,,,,,MP:0005376,homeostasis/metabolism phenotype,,,,,,,,,
614584,JAX/MGI Human Ortholog Phenotype,12022,,,,,MP:0010771,integument phenotype,,,,,,,,,
614585,JAX/MGI Human Ortholog Phenotype,12022,,,,,MP:0005389,reproductive system phenotype,,,,,,,,,
614586,JAX/MGI Human Ortholog Phenotype,12022,,,,,MP:0005378,growth/size/body region phenotype,,,,,,,,,
614587,JAX/MGI Human Ortholog Phenotype,12022,,,,,MP:0005397,hematopoietic system phenotype,,,,,,,,,
614588,JAX/MGI Human Ortholog Phenotype,12022,,,,,MP:0005385,cardiovascular system phenotype,,,,,,,,,
614589,JAX/MGI Human Ortholog Phenotype,12022,,,,,MP:0005375,adipose tissue phenotype,,,,,,,,,
614590,JAX/MGI Human Ortholog Phenotype,12022,,,,,MP:0005379,endocrine/exocrine gland phenotype,,,,,,,,,
614591,JAX/MGI Human Ortholog Phenotype,12022,,,,,MP:0001186,pigmentation phenotype,,,,,,,,,
614592,JAX/MGI Human Ortholog Phenotype,12022,,,,,MP:0005377,hearing/vestibular/ear phenotype,,,,,,,,,
614593,JAX/MGI Human Ortholog Phenotype,12022,,,,,MP:0003631,nervous system phenotype,,,,,,,,,
614594,JAX/MGI Human Ortholog Phenotype,12022,,,,,MP:0005371,limbs/digits/tail phenotype,,,,,,,,,
614595,JAX/MGI Human Ortholog Phenotype,12022,,,,,MP:0005381,digestive/alimentary phenotype,,,,,,,,,
614596,JAX/MGI Human Ortholog Phenotype,12022,,,,,MP:0005391,vision/eye phenotype,,,,,,,,,
614597,JAX/MGI Human Ortholog Phenotype,12022,,,,,MP:0005387,immune system phenotype,,,,,,,,,
614598,JAX/MGI Human Ortholog Phenotype,12022,,,,,MP:0005390,skeleton phenotype,,,,,,,,,
614599,JAX/MGI Human Ortholog Phenotype,12022,,,,,MP:0005367,renal/urinary system phenotype,,,,,,,,,
614600,JAX/MGI Human Ortholog Phenotype,12022,,,,,MP:0005386,behavior/neurological phenotype,,,,,,,,,
614601,JAX/MGI Human Ortholog Phenotype,12022,,,,,MP:0005388,respiratory system phenotype,,,,,,,,,
614602,JAX/MGI Human Ortholog Phenotype,12022,,,,,MP:0005370,liver/biliary system phenotype,,,,,,,,,
614603,JAX/MGI Human Ortholog Phenotype,12022,,,,,MP:0010768,mortality/aging,,,,,,,,,
9734,OMIM,13034,,"MIM Number: 114240; Phenotype: Muscular dystrophy, limb-girdle, autosomal recessive 1, 253600 (3); Muscular dystrophy, limb-girdle, autosomal dominant 4, 618129 (3)",,,,,,,,,,,,,
592076,JAX/MGI Human Ortholog Phenotype,13034,,,,,MP:0005390,skeleton phenotype,,,,,,,,,
592077,JAX/MGI Human Ortholog Phenotype,13034,,,,,MP:0005386,behavior/neurological phenotype,,,,,,,,,
592078,JAX/MGI Human Ortholog Phenotype,13034,,,,,MP:0005378,growth/size/body region phenotype,,,,,,,,,
592079,JAX/MGI Human Ortholog Phenotype,13034,,,,,MP:0005389,reproductive system phenotype,,,,,,,,,
592080,JAX/MGI Human Ortholog Phenotype,13034,,,,,MP:0005369,muscle phenotype,,,,,,,,,
592081,JAX/MGI Human Ortholog Phenotype,13034,,,,,MP:0005376,homeostasis/metabolism phenotype,,,,,,,,,
2380,OMIM,13093,,"MIM Number: 601253; Phenotype: Rippling muscle disease 2, 606072 (3); Creatine phosphokinase, elevated serum, 123320 (3); Myopathy, distal, Tateyama type, 614321 (3); Cardiomyopathy, familial hypertrophic, 192600 (3); Long QT syndrome 9, 611818 (3)",,,,,,,,,,,,,
592362,JAX/MGI Human Ortholog Phenotype,13093,,,,,MP:0005386,behavior/neurological phenotype,,,,,,,,,
592363,JAX/MGI Human Ortholog Phenotype,13093,,,,,MP:0005385,cardiovascular system phenotype,,,,,,,,,
592364,JAX/MGI Human Ortholog Phenotype,13093,,,,,MP:0005390,skeleton phenotype,,,,,,,,,
592365,JAX/MGI Human Ortholog Phenotype,13093,,,,,MP:0005376,homeostasis/metabolism phenotype,,,,,,,,,
592366,JAX/MGI Human Ortholog Phenotype,13093,,,,,MP:0005384,cellular phenotype,,,,,,,,,
592367,JAX/MGI Human Ortholog Phenotype,13093,,,,,MP:0005378,growth/size/body region phenotype,,,,,,,,,
592368,JAX/MGI Human Ortholog Phenotype,13093,,,,,MP:0005369,muscle phenotype,,,,,,,,,
1397,OMIM,13773,,"MIM Number: 610194; Phenotype: Muscular dystrophy-dystroglycanopathy (congenital with brain and eye anomalies, type A, 11, 615181 (3)",,,,,,,,,,,,,
589749,JAX/MGI Human Ortholog Phenotype,13773,,,,,MP:0005375,adipose tissue phenotype,,,,,,,,,
589750,JAX/MGI Human Ortholog Phenotype,13773,,,,,MP:0010768,mortality/aging,,,,,,,,,
5484,OMIM,15595,,"MIM Number: 100740; Phenotype: [Blood group, Yt system], 112100 (3)",,,,,,,,,,,,,
585500,JAX/MGI Human Ortholog Phenotype,15595,,,,,MP:0005388,respiratory system phenotype,,,,,,,,,
585501,JAX/MGI Human Ortholog Phenotype,15595,,,,,MP:0005386,behavior/neurological phenotype,,,,,,,,,
585502,JAX/MGI Human Ortholog Phenotype,15595,,,,,MP:0005389,reproductive system phenotype,,,,,,,,,
585503,JAX/MGI Human Ortholog Phenotype,15595,,,,,MP:0010768,mortality/aging,,,,,,,,,
585504,JAX/MGI Human Ortholog Phenotype,15595,,,,,MP:0005397,hematopoietic system phenotype,,,,,,,,,
585505,JAX/MGI Human Ortholog Phenotype,15595,,,,,MP:0003631,nervous system phenotype,,,,,,,,,
585506,JAX/MGI Human Ortholog Phenotype,15595,,,,,MP:0005377,hearing/vestibular/ear phenotype,,,,,,,,,
585507,JAX/MGI Human Ortholog Phenotype,15595,,,,,MP:0005391,vision/eye phenotype,,,,,,,,,
585508,JAX/MGI Human Ortholog Phenotype,15595,,,,,MP:0005376,homeostasis/metabolism phenotype,,,,,,,,,
585509,JAX/MGI Human Ortholog Phenotype,15595,,,,,MP:0005378,growth/size/body region phenotype,,,,,,,,,
585510,JAX/MGI Human Ortholog Phenotype,15595,,,,,MP:0005375,adipose tissue phenotype,,,,,,,,,
585511,JAX/MGI Human Ortholog Phenotype,15595,,,,,MP:0005369,muscle phenotype,,,,,,,,,
585512,JAX/MGI Human Ortholog Phenotype,15595,,,,,MP:0005382,craniofacial phenotype,,,,,,,,,
7530,OMIM,15986,,"MIM Number: 608662; Phenotype: Gnathodiaphyseal dysplasia, 166260 (3); Muscular dystrophy, limb-girdle, autosomal recessive 12, 611307 (3); Miyoshi muscular dystrophy 3, 613319 (3)",,,,,,,,,,,,,
587619,JAX/MGI Human Ortholog Phenotype,15986,,,,,MP:0005384,cellular phenotype,,,,,,,,,
587620,JAX/MGI Human Ortholog Phenotype,15986,,,,,MP:0005376,homeostasis/metabolism phenotype,,,,,,,,,
587621,JAX/MGI Human Ortholog Phenotype,15986,,,,,MP:0005369,muscle phenotype,,,,,,,,,
587622,JAX/MGI Human Ortholog Phenotype,15986,,,,,MP:0005389,reproductive system phenotype,,,,,,,,,
6546,OMIM,16312,,"MIM Number: 602290; Phenotype: Muscular dystrophy, limb-girdle, autosomal recessive 8, 254110 (3); ?Bardet-Biedl syndrome 11, 615988 (3)",,,,,,,,,,,,,
639738,JAX/MGI Human Ortholog Phenotype,16312,,,,,MP:0005386,behavior/neurological phenotype,,,,,,,,,
639739,JAX/MGI Human Ortholog Phenotype,16312,,,,,MP:0005389,reproductive system phenotype,,,,,,,,,
639740,JAX/MGI Human Ortholog Phenotype,16312,,,,,MP:0003631,nervous system phenotype,,,,,,,,,
639741,JAX/MGI Human Ortholog Phenotype,16312,,,,,MP:0005376,homeostasis/metabolism phenotype,,,,,,,,,
639742,JAX/MGI Human Ortholog Phenotype,16312,,,,,MP:0005378,growth/size/body region phenotype,,,,,,,,,
639743,JAX/MGI Human Ortholog Phenotype,16312,,,,,MP:0005369,muscle phenotype,,,,,,,,,
2391,OMIM,16524,,"MIM Number: 612048; Phenotype: Arrhythmogenic right ventricular dysplasia 5, 604400 (3); Emery-Dreifuss muscular dystrophy 7, AD, 614302 (3)",,,,,,,,,,,,,
638586,JAX/MGI Human Ortholog Phenotype,16524,,,,,MP:0005386,behavior/neurological phenotype,,,,,,,,,
2995,OMIM,17341,,"MIM Number: 177400; Phenotype: {Apnea, postanesthetic, susceptibility to, due to BCHE deficiency}, 617936 (3); Butyrylcholinesterase deficiency, 617936 (3)",,,,,,,,,,,,,
590217,JAX/MGI Human Ortholog Phenotype,17341,,,,,MP:0010768,mortality/aging,,,,,,,,,
590218,JAX/MGI Human Ortholog Phenotype,17341,,,,,MP:0005376,homeostasis/metabolism phenotype,,,,,,,,,
2498,OMIM,17836,,"MIM Number: 615320; Phenotype: Muscular dystrophy-dystroglycanopathy (congenital with brain and eye anomalies), type A, 14, 615350 (3); Muscular dystrophy-dystroglycanopathy (limb-girdle), type C, 14, 615352 (3); Muscular dystrophy-dystroglycanopathy (congenital with mental retardation), type B, 14, 615351 (3)",,,,,,,,,,,,,
9281,OMIM,18683,,"MIM Number: 602279; Phenotype: Oculopharyngeal muscular dystrophy, 164300 (3)",,,,,,,,,,,,,
622373,JAX/MGI Human Ortholog Phenotype,18683,,,,,MP:0005369,muscle phenotype,,,,,,,,,
622374,JAX/MGI Human Ortholog Phenotype,18683,,,,,MP:0005376,homeostasis/metabolism phenotype,,,,,,,,,
622375,JAX/MGI Human Ortholog Phenotype,18683,,,,,MP:0005384,cellular phenotype,,,,,,,,,
622376,JAX/MGI Human Ortholog Phenotype,18683,,,,,MP:0005386,behavior/neurological phenotype,,,,,,,,,
622377,JAX/MGI Human Ortholog Phenotype,18683,,,,,MP:0010768,mortality/aging,,,,,,,,,
591308,JAX/MGI Human Ortholog Phenotype,18866,,,,,MP:0005386,behavior/neurological phenotype,,,,,,,,,
591309,JAX/MGI Human Ortholog Phenotype,18866,,,,,MP:0005385,cardiovascular system phenotype,,,,,,,,,
591310,JAX/MGI Human Ortholog Phenotype,18866,,,,,MP:0005376,homeostasis/metabolism phenotype,,,,,,,,,
591311,JAX/MGI Human Ortholog Phenotype,18866,,,,,MP:0005378,growth/size/body region phenotype,,,,,,,,,
591312,JAX/MGI Human Ortholog Phenotype,18866,,,,,MP:0005375,adipose tissue phenotype,,,,,,,,,
591313,JAX/MGI Human Ortholog Phenotype,18866,,,,,MP:0005369,muscle phenotype,,,,,,,,,
6687,OMIM,19177,,"MIM Number: 607423; Phenotype: Muscular dystrophy-dystroglycanopathy (congenital with brain and eye anomalies), type A, 1, 236670 (3); Muscular dystrophy-dystroglycanopathy (congenital with mental retardation), type B, 1, 613155 (3); Muscular dystrophy-dystroglycanopathy (limb-girdle), type C, 1, 609308 (3)",,,,,,,,,,,,,
625544,JAX/MGI Human Ortholog Phenotype,19177,,,,,MP:0003631,nervous system phenotype,,,,,,,,,
625545,JAX/MGI Human Ortholog Phenotype,19177,,,,,MP:0005369,muscle phenotype,,,,,,,,,
625546,JAX/MGI Human Ortholog Phenotype,19177,,,,,MP:0010768,mortality/aging,,,,,,,,,
625547,JAX/MGI Human Ortholog Phenotype,19177,,,,,MP:0005397,hematopoietic system phenotype,,,,,,,,,
625548,JAX/MGI Human Ortholog Phenotype,19177,,,,,MP:0005385,cardiovascular system phenotype,,,,,,,,,
625549,JAX/MGI Human Ortholog Phenotype,19177,,,,,MP:0005386,behavior/neurological phenotype,,,,,,,,,
625550,JAX/MGI Human Ortholog Phenotype,19177,,,,,MP:0005380,embryo phenotype,,,,,,,,,
625551,JAX/MGI Human Ortholog Phenotype,19177,,,,,MP:0005387,immune system phenotype,,,,,,,,,
625552,JAX/MGI Human Ortholog Phenotype,19177,,,,,MP:0005391,vision/eye phenotype,,,,,,,,,
4062,OMIM,20247,,"MIM Number: 604103; Phenotype: Myopathy, myofibrillar, 3, 609200 (3); Myopathy, spheroid body, 182920 (3)",,,,,,,,,,,,,
